0016afdafa241a8b,a31,0016afdafa241a8b.obj,elephant
00beb632ff36011e,a109,00beb632ff36011e.obj,cat
0109bd7501410481,a140,0109bd7501410481.obj,springbok female
014cbea869fcf211,a59,014cbea869fcf211.obj,12214_bird
01612cb400453597,a72,01612cb400453597.obj,12236_bird
019470e0b56fe70a,a149,019470e0b56fe70a.obj,goat
01fea2892d3dcb14,a152,01fea2892d3dcb14.obj,12244_bird
0266a5a1e24613ba,a149,0266a5a1e24613ba.obj,goat
02f910f4d565a330,a147,02f910f4d565a330.obj,red kangaroo male
0313b6fb78613a9e,a71,0313b6fb78613a9e.obj,american bison female
032fb59a082e3095,a66,032fb59a082e3095.obj,sk
0426cd835b1f0bf0,a168,0426cd835b1f0bf0.obj,binturong female
0449f665c5c7d649,a22,0449f665c5c7d649.obj,cheetah female
046ba23fb2dba9b6,a157,046ba23fb2dba9b6.obj,african buffalo female
0489595b95c547dd,a23,0489595b95c547dd.obj,dall sheep female
05c7a6c16b69e4b0,a156,05c7a6c16b69e4b0.obj,bairds tapir male
068a77d6a7c8aa90,a52,068a77d6a7c8aa90.obj,spotted hyena male
079c96c521c73ca9,a79,079c96c521c73ca9.obj,african elephant female
0823860d2037647f,a71,0823860d2037647f.obj,american bison female
087d185ae42e6026,a66,087d185ae42e6026.obj,sk
0a77cd2a91dfff53,a63,0a77cd2a91dfff53.obj,western lowland gorilla male
0ae627367cedcd26,a68,0ae627367cedcd26.obj,red ruffed lemur male
0b3e8d17d98f5193,a173,0b3e8d17d98f5193.obj,capuchin monkey female
0b98619a32548d8e,a41,0b98619a32548d8e.obj,galapagos giant tortoise male
0cc1b52750c22499,a147,0cc1b52750c22499.obj,red kangaroo male
0cedfe3226dabe49,a133,0cedfe3226dabe49.obj,brown bear
0efe9a4279ef9c48,a157,0efe9a4279ef9c48.obj,african buffalo female
0ffc2d1991f4d1e4,a161,0ffc2d1991f4d1e4.obj,gharial male
1065699438e44f04,a24,1065699438e44f04.obj,12213_bird
107cecfd59be0583,a76,107cecfd59be0583.obj,chinese pangolin male
10bcae5f92b18612,a106,10bcae5f92b18612.obj,pronghorn antelope male
11395e357f045559,a35,11395e357f045559.obj,siberian tiger juvenile
1180fbeb855ae874,a84,1180fbeb855ae874.obj,pygmy hippo juvenile
11e16848f8de0a7b,a44,11e16848f8de0a7b.obj,bornean orangutan male
12c2d1ff31beb7e9,a138,12c2d1ff31beb7e9.obj,12252_bird
13a49ab0aecbc76f,a11,13a49ab0aecbc76f.obj,mandrill female
13e0f1c32a3c9bcc,a107,13e0f1c32a3c9bcc.obj,african wild dog female
145639767668eaf7,a175,145639767668eaf7.obj,bird
148342bfa8f41a31,a18,148342bfa8f41a31.obj,tibetan bear
1564b04086c2c084,a1,1564b04086c2c084.obj,cassowary female
15d746d0e8530e55,a127,15d746d0e8530e55.obj,grey seal female
17e243080e46a77a,a30,17e243080e46a77a.obj,diamondback terrapin
1815808c9db01bc7,a105,1815808c9db01bc7.obj,thomsons gazelle female
18916433442bd760,a95,18916433442bd760.obj,puff adder
1925dd31d7b4064c,a116,1925dd31d7b4064c.obj,12246_bird
19be36a45ce6f9e4,a23,19be36a45ce6f9e4.obj,dall sheep female
1b1aee8806c0393b,a12,1b1aee8806c0393b.obj,duck
1b7bc4b33cddb120,a175,1b7bc4b33cddb120.obj,bird
1b86d214f8445508,a141,1b86d214f8445508.obj,fox
1ba95d8d320f5e33,a111,1ba95d8d320f5e33.obj,hippopotamus
1c94e26b92ab97dd,a60,1c94e26b92ab97dd.obj,goose
1d502beefbc7697e,a48,1d502beefbc7697e.obj,jaguar male
1dacb6cdad209643,a149,1dacb6cdad209643.obj,goat
1df3b0ad86562fde,a52,1df3b0ad86562fde.obj,spotted hyena male
1e76e5c9aa18cad5,a85,1e76e5c9aa18cad5.obj,sable antelope male
1e87934cd4d7e8ee,a67,1e87934cd4d7e8ee.obj,llama male
1eb2e5d50f0ae982,a73,1eb2e5d50f0ae982.obj,pronghorn antelope female
1f356a5d5fbd0263,a143,1f356a5d5fbd0263.obj,seagull
1f65711c9ef62568,a84,1f65711c9ef62568.obj,pygmy hippo juvenile
1f7b19dd8f7d532e,a31,1f7b19dd8f7d532e.obj,elephant
2030c08c33298d28,a125,2030c08c33298d28.obj,okapi male
20fad05da21b0518,a154,20fad05da21b0518.obj,dog remeshed hunting
2232fed9e00d559a,a120,2232fed9e00d559a.obj,dall sheep male
223bc7dec8a03c59,a37,223bc7dec8a03c59.obj,sparrow
225def4a419b8f55,a49,225def4a419b8f55.obj,plains zebra male
22648f17641ea2ee,a90,22648f17641ea2ee.obj,indian rhinoceros juvenile
2268076b3b795a99,a65,2268076b3b795a99.obj,indian elephant male
24215bf7ce370aaf,a96,24215bf7ce370aaf.obj,bird toucan
24e4919ee2fad075,a3,24e4919ee2fad075.obj,reindeer male
255d31f96c2f3723,a75,255d31f96c2f3723.obj,sun bear male
25a5dff1c2e3fd6c,a89,25a5dff1c2e3fd6c.obj,12249_bird
25eb316bfa00fc98,a133,25eb316bfa00fc98.obj,brown bear
26c8931736dc43fb,a77,26c8931736dc43fb.obj,gray wolf
26f8ae8f8db6e224,a87,26f8ae8f8db6e224.obj,lioness
2846d0b05ed649cf,a87,2846d0b05ed649cf.obj,lioness
28ae488982984ce3,a24,28ae488982984ce3.obj,12213_bird
29550f9c0b8e7d7a,a67,29550f9c0b8e7d7a.obj,llama male
29c20613ff8b0ea4,a96,29c20613ff8b0ea4.obj,bird toucan
29e1d80da09586cc,a24,29e1d80da09586cc.obj,12213_bird
2accc11b14dde296,a65,2accc11b14dde296.obj,indian elephant male
2ae530419cd685af,a114,2ae530419cd685af.obj,indian rhinoceros female
2b72aa75a44e8847,a174,2b72aa75a44e8847.obj,thomsons gazelle male
2c5bd307d25beb0f,a73,2c5bd307d25beb0f.obj,pronghorn antelope female
2c709428b2ca75be,a84,2c709428b2ca75be.obj,pygmy hippo juvenile
2ce177087a5b7860,a48,2ce177087a5b7860.obj,jaguar male
2d4347cacab9627c,a147,2d4347cacab9627c.obj,red kangaroo male
2dfa7571f2321b9e,a1,2dfa7571f2321b9e.obj,cassowary female
2e86a3625d556854,a177,2e86a3625d556854.obj,common ostrich male
2f97710a9ad1b2c5,a121,2f97710a9ad1b2c5.obj,stag
3080f1b08986b040,a132,3080f1b08986b040.obj,black wildebeest male
30aeb0f6039ef714,a17,30aeb0f6039ef714.obj,boar
30cf391e77c2cf88,a91,30cf391e77c2cf88.obj,malayan tapir male
30db82e1d7e02e0f,a51,30db82e1d7e02e0f.obj,bear
31cf8317f82a5815,a40,31cf8317f82a5815.obj,clouded leopard female
342d50ae23716421,a118,342d50ae23716421.obj,grizzly bear male
36089dc42596904a,a129,36089dc42596904a.obj,nyala male
3707cda48b44084f,a59,3707cda48b44084f.obj,12214_bird
3730d6a7fdb0e4a8,a169,3730d6a7fdb0e4a8.obj,komodo dragon juvenile
3762672a3fb6a081,a36,3762672a3fb6a081.obj,gemsbok female
390eb1a5e57f1bd5,a52,390eb1a5e57f1bd5.obj,spotted hyena male
39ac47af68e86109,a76,39ac47af68e86109.obj,chinese pangolin male
3af12c73b71c656f,a90,3af12c73b71c656f.obj,indian rhinoceros juvenile
3bdb27fe2e018a7c,a31,3bdb27fe2e018a7c.obj,elephant
3c203e2dbdf1bea7,a135,3c203e2dbdf1bea7.obj,crow
3c5f903557218c37,a17,3c5f903557218c37.obj,boar
3cf19cfa1149d500,a73,3cf19cfa1149d500.obj,pronghorn antelope female
3d677a4457574cd7,a111,3d677a4457574cd7.obj,hippopotamus
3d7695f8399c68c5,a146,3d7695f8399c68c5.obj,basset
3d9546c481cc1c22,a2,3d9546c481cc1c22.obj,reindeer juvenile
3dd66bd447d95ae1,a156,3dd66bd447d95ae1.obj,bairds tapir male
3ddd6a55a6d8e37c,a50,3ddd6a55a6d8e37c.obj,wolf
3df2c5b8e30103ff,a75,3df2c5b8e30103ff.obj,sun bear male
3e5de1100e3b5b82,a120,3e5de1100e3b5b82.obj,dall sheep male
3e93217cf9baa08f,a153,3e93217cf9baa08f.obj,indian peafowl male
40989eb3293c273e,a164,40989eb3293c273e.obj,indian rhinoceros male
410211806e61d8bb,a79,410211806e61d8bb.obj,african elephant female
43cc39cf656a41ae,a53,43cc39cf656a41ae.obj,west african lion female
43cfff6a23acafe7,a158,43cfff6a23acafe7.obj,mandrill juvenile
43fd7e94a67f9376,a62,43fd7e94a67f9376.obj,common warthog female
4581d98eaf09d27b,a83,4581d98eaf09d27b.obj,indian elephant female
45e33d9f984acc7a,a74,45e33d9f984acc7a.obj,12248_bird
46f3bcef53438440,a35,46f3bcef53438440.obj,siberian tiger juvenile
47a5282b8ba9e6d2,a96,47a5282b8ba9e6d2.obj,bird toucan
47d04be344220ba4,a73,47d04be344220ba4.obj,pronghorn antelope female
492ab711a91f0d60,a134,492ab711a91f0d60.obj,common ostrich juvenile
4a2ef78c1829d866,a101,4a2ef78c1829d866.obj,american bison juvenile
4b433ec01cdaafff,a76,4b433ec01cdaafff.obj,chinese pangolin male
4bc2868c75c32abd,a31,4bc2868c75c32abd.obj,elephant
4c142b488845264b,a112,4c142b488845264b.obj,bear roaring and lunging forward
4c681e7d9db52f8b,a150,4c681e7d9db52f8b.obj,japanese macaque male
4ca46d226ab601bf,a92,4ca46d226ab601bf.obj,nyala female
4cce9c8ae0103550,a135,4cce9c8ae0103550.obj,crow
4d5af5360a844b3f,a136,4d5af5360a844b3f.obj,sheep
4d7a48f9df08a11e,a88,4d7a48f9df08a11e.obj,australian_cattle_dog
4e3036c53e50beed,a135,4e3036c53e50beed.obj,crow
4ea79a529433b5d6,a157,4ea79a529433b5d6.obj,african buffalo female
4ef649c218c6ffd0,a4,4ef649c218c6ffd0.obj,12259_bird
4f721ca24c1ea9ee,a27,4f721ca24c1ea9ee.obj,12250_bird
4f7811c96a04ba51,a68,4f7811c96a04ba51.obj,red ruffed lemur male
5061a045b4f68bc6,a157,5061a045b4f68bc6.obj,african buffalo female
50d1d60a07d09d83,a62,50d1d60a07d09d83.obj,common warthog female
52037651db34d9c6,a36,52037651db34d9c6.obj,gemsbok female
5268c856bdbcd7ec,a115,5268c856bdbcd7ec.obj,polar bear
52f8ea88fade532a,a46,52f8ea88fade532a.obj,aardvark female
52fde79d27bfeafd,a162,52fde79d27bfeafd.obj,west african lion male
53139295c1a7f131,a164,53139295c1a7f131.obj,indian rhinoceros male
53e190f2111eaddb,a69,53e190f2111eaddb.obj,lehmanns poison frog
53e9c7c3130f2d41,a168,53e9c7c3130f2d41.obj,binturong female
547f2f46f3a479eb,a93,547f2f46f3a479eb.obj,caracal
5544db19d7450c08,a63,5544db19d7450c08.obj,western lowland gorilla male
5587d54f4108c95e,a111,5587d54f4108c95e.obj,hippopotamus
55f44c3f728145bb,a22,55f44c3f728145bb.obj,cheetah female
56458bc6918ca35d,a59,56458bc6918ca35d.obj,12214_bird
56c67f15ec8bdb2c,a127,56c67f15ec8bdb2c.obj,grey seal female
5716d05c503ca41e,a164,5716d05c503ca41e.obj,indian rhinoceros male
5748b8108aea43c6,a58,5748b8108aea43c6.obj,pygmy hippo male
581129f2e0a8962a,a160,581129f2e0a8962a.obj,black cat back arched angry
587eeec34cf4d2c8,a147,587eeec34cf4d2c8.obj,red kangaroo male
59bd33136e830f43,a139,59bd33136e830f43.obj,cuviers dwarf caiman juvenile
5a47b8a4ad093e6c,a36,5a47b8a4ad093e6c.obj,gemsbok female
5ae6baa4fd312d38,a175,5ae6baa4fd312d38.obj,bird
5aff7c6a33aa8071,a58,5aff7c6a33aa8071.obj,pygmy hippo male
5cf7adb1082aa77d,a85,5cf7adb1082aa77d.obj,sable antelope male
5d078794e493954c,a46,5d078794e493954c.obj,aardvark female
5d33d36a11ebf237,a62,5d33d36a11ebf237.obj,common warthog female
5e626e0bc33e7019,a51,5e626e0bc33e7019.obj,bear
5e6f1816ab0eebeb,a25,5e6f1816ab0eebeb.obj,crocodile
5e873501f1e26ca0,a65,5e873501f1e26ca0.obj,indian elephant male
5f2f1b58e50c61bf,a107,5f2f1b58e50c61bf.obj,african wild dog female
5f38dbc7e09d2cdd,a127,5f38dbc7e09d2cdd.obj,grey seal female
5f76ff02b2bd8554,a109,5f76ff02b2bd8554.obj,cat
5f779cd192cae3a3,a36,5f779cd192cae3a3.obj,gemsbok female
60a64c226b25f697,a174,60a64c226b25f697.obj,thomsons gazelle male
60af2d4f86d5307c,a174,60af2d4f86d5307c.obj,thomsons gazelle male
60d4505f1a7290eb,a90,60d4505f1a7290eb.obj,indian rhinoceros juvenile
62d3595fe53c81be,a50,62d3595fe53c81be.obj,wolf
62e532ede5fce4a5,a136,62e532ede5fce4a5.obj,sheep
64263b59af4be01a,a129,64263b59af4be01a.obj,nyala male
64773bd12fa9b48c,a8,64773bd12fa9b48c.obj,12212_bird
6481b377a1f2992a,a119,6481b377a1f2992a.obj,12247_bird
654e7e41a4575e77,a141,654e7e41a4575e77.obj,fox
658d4e36212e9c9e,a177,658d4e36212e9c9e.obj,common ostrich male
688c7d507ae9f253,a83,688c7d507ae9f253.obj,indian elephant female
6892964be383453f,a123,6892964be383453f.obj,rhinoceros
69b0631cac45fce6,a174,69b0631cac45fce6.obj,thomsons gazelle male
6a34b7da751a7f3f,a117,6a34b7da751a7f3f.obj,marco polo sheep
6bc2402ce628bbef,a149,6bc2402ce628bbef.obj,goat
6dc816c6745c0b4d,a71,6dc816c6745c0b4d.obj,american bison female
6e92439ce227a932,a159,6e92439ce227a932.obj,chicken
6efc9529ed9e7fc5,a95,6efc9529ed9e7fc5.obj,puff adder
6f08aeec26ba66cf,a116,6f08aeec26ba66cf.obj,12246_bird
6f3e9d792ec6082d,a3,6f3e9d792ec6082d.obj,reindeer male
6f41ba76e9ffcf67,a82,6f41ba76e9ffcf67.obj,12240_bird
6f58684956f448da,a35,6f58684956f448da.obj,siberian tiger juvenile
6fc0839548a389b2,a115,6fc0839548a389b2.obj,polar bear
6fc741f92c03654d,a41,6fc741f92c03654d.obj,galapagos giant tortoise male
70de0fdcbaf1302f,a162,70de0fdcbaf1302f.obj,west african lion male
7115af5fd3e62ca0,a163,7115af5fd3e62ca0.obj,gemsbok juvenile
72996e8a76011909,a25,72996e8a76011909.obj,crocodile
74e121781a01280d,a27,74e121781a01280d.obj,12250_bird
7939a5fa2ffed845,a53,7939a5fa2ffed845.obj,west african lion female
79a002142ee6b312,a136,79a002142ee6b312.obj,sheep
7aa5b3344260a6c8,a54,7aa5b3344260a6c8.obj,snow leopard female
7bc562527a894ac8,a169,7bc562527a894ac8.obj,komodo dragon juvenile
7bf29d74ee81f62a,a134,7bf29d74ee81f62a.obj,common ostrich juvenile
7f36942b8785093d,a159,7f36942b8785093d.obj,chicken
7f9c5a47a8b18f00,a59,7f9c5a47a8b18f00.obj,12214_bird
7febb03fa7121507,a153,7febb03fa7121507.obj,indian peafowl male
80b20ad87a71a44f,a152,80b20ad87a71a44f.obj,12244_bird
811a1f305c2884ce,a84,811a1f305c2884ce.obj,pygmy hippo juvenile
81dc2a724ba57790,a108,81dc2a724ba57790.obj,bonobo juvenile
8240c7ae34b9fcd0,a154,8240c7ae34b9fcd0.obj,dog remeshed hunting
825b05e3f1482c22,a42,825b05e3f1482c22.obj,12235_bird
82c76d00ebd193b6,a63,82c76d00ebd193b6.obj,western lowland gorilla male
834953da8335695b,a155,834953da8335695b.obj,bornean orangutan female
837f7b9ff5dcfa78,a89,837f7b9ff5dcfa78.obj,12249_bird
83a6898b3cf63399,a137,83a6898b3cf63399.obj,12251_bird
846ee3d09ab0fcc8,a83,846ee3d09ab0fcc8.obj,indian elephant female
84cda9bd7042c100,a169,84cda9bd7042c100.obj,komodo dragon juvenile
868c9905d94ddb08,a123,868c9905d94ddb08.obj,rhinoceros
876489950e67fe4b,a156,876489950e67fe4b.obj,bairds tapir male
88c74acaea736788,a148,88c74acaea736788.obj,gray wolf female
88fe8b2185d4feb6,a44,88fe8b2185d4feb6.obj,bornean orangutan male
8905f44a81dddb52,a46,8905f44a81dddb52.obj,aardvark female
890f0812b9947e09,a167,890f0812b9947e09.obj,dhole juvenile
8b0062ec0267c5f1,a114,8b0062ec0267c5f1.obj,indian rhinoceros female
8b4f277b03b271b5,a17,8b4f277b03b271b5.obj,boar
8d32b020126e6e8c,a27,8d32b020126e6e8c.obj,12250_bird
8d3be739b380144a,a25,8d3be739b380144a.obj,crocodile
8e05fa0fab7d7e0f,a118,8e05fa0fab7d7e0f.obj,grizzly bear male
8e2dcf928d4348fd,a135,8e2dcf928d4348fd.obj,crow
8f42f036627160ae,a123,8f42f036627160ae.obj,rhinoceros
904cb4ada4827f50,a79,904cb4ada4827f50.obj,african elephant female
90595337e6108d17,a104,90595337e6108d17.obj,western chimpanzee male
9115ebf2eb5e3dd1,a97,9115ebf2eb5e3dd1.obj,12258_bird
919b80269990ac22,a159,919b80269990ac22.obj,chicken
92daae9f6dbb128e,a27,92daae9f6dbb128e.obj,12250_bird
93068e2de4fc820a,a114,93068e2de4fc820a.obj,indian rhinoceros female
9351cfef5ce54e69,a153,9351cfef5ce54e69.obj,indian peafowl male
93c911b19ed62df8,a162,93c911b19ed62df8.obj,west african lion male
9556be5bb399f203,a32,9556be5bb399f203.obj,swan
95fbfda2a354bacc,a80,95fbfda2a354bacc.obj,pig
98032f4c2f991db9,a8,98032f4c2f991db9.obj,12212_bird
983acf35534872bb,a119,983acf35534872bb.obj,12247_bird
9841cafe9b5e1f5e,a14,9841cafe9b5e1f5e.obj,dingo juvenile
98b4aaaa2165fcd1,a54,98b4aaaa2165fcd1.obj,snow leopard female
98b9ecda30efcb34,a74,98b9ecda30efcb34.obj,12248_bird
9c0ccaca4f7af75d,a176,9c0ccaca4f7af75d.obj,giant anteater juvenile
9d5d62c52379d9f0,a66,9d5d62c52379d9f0.obj,sk
9d6d5dd3175f52fa,a52,9d6d5dd3175f52fa.obj,spotted hyena male
9d9e8b57fde29a41,a15,9d9e8b57fde29a41.obj,indian peafowl juvenile
9dd06e3c5098a211,a90,9dd06e3c5098a211.obj,indian rhinoceros juvenile
9e10ab1de79421ec,a149,9e10ab1de79421ec.obj,goat
9e2c640d53381d60,a163,9e2c640d53381d60.obj,gemsbok juvenile
9ea7c44d1e5ac264,a35,9ea7c44d1e5ac264.obj,siberian tiger juvenile
9fe19c2f9343a942,a23,9fe19c2f9343a942.obj,dall sheep female
a02aaca56afb4f17,a80,a02aaca56afb4f17.obj,pig
a2e67ac727768dcc,a28,a2e67ac727768dcc.obj,nile monitor juvenile
a3dc68476353e506,a42,a3dc68476353e506.obj,12235_bird
a3f337038d154765,a126,a3f337038d154765.obj,deerdoe
a4da84ed81451ad0,a3,a4da84ed81451ad0.obj,reindeer male
a52636bfacafa2b6,a82,a52636bfacafa2b6.obj,12240_bird
a5842e12a9200d43,a15,a5842e12a9200d43.obj,indian peafowl juvenile
a594a0e2b9fe9ca5,a56,a594a0e2b9fe9ca5.obj,greater flamingo male
a635e529613c6c00,a113,a635e529613c6c00.obj,canaan dog
a7c3e08cc4309ec9,a15,a7c3e08cc4309ec9.obj,indian peafowl juvenile
a86071b0d9d7d0da,a162,a86071b0d9d7d0da.obj,west african lion male
a92a71ac204d0223,a48,a92a71ac204d0223.obj,jaguar male
a957b00d43ef7c8f,a121,a957b00d43ef7c8f.obj,stag
aa0598ae402d2833,a129,aa0598ae402d2833.obj,nyala male
aa182a1ca33fba10,a41,aa182a1ca33fba10.obj,galapagos giant tortoise male
aa5750ffc43bcc18,a20,aa5750ffc43bcc18.obj,bengal tiger male
aae580fed8c9604b,a58,aae580fed8c9604b.obj,pygmy hippo male
aaf18dc46614568f,a169,aaf18dc46614568f.obj,komodo dragon juvenile
ab047afa481c3134,a126,ab047afa481c3134.obj,deerdoe
ab130247173f42ba,a82,ab130247173f42ba.obj,12240_bird
ac3d3b1b6d75d3ae,a67,ac3d3b1b6d75d3ae.obj,llama male
ad3a9fd00fc69eaf,a95,ad3a9fd00fc69eaf.obj,puff adder
ad6886154dae4a8c,a149,ad6886154dae4a8c.obj,goat
ad790b0a529e2267,a6,ad790b0a529e2267.obj,king penguin male
ae09892d3ad04b4b,a44,ae09892d3ad04b4b.obj,bornean orangutan male
ae7e4778dfc7147b,a29,ae7e4778dfc7147b.obj,springbok male
ae93f2d3e0ab350d,a113,ae93f2d3e0ab350d.obj,canaan dog
afb491e33546448e,a61,afb491e33546448e.obj,babirusa juvenile
b0334182d0c3faeb,a1,b0334182d0c3faeb.obj,cassowary female
b095d9ef45ca6c13,a78,b095d9ef45ca6c13.obj,peacock female
b0ed6ea888551408,a170,b0ed6ea888551408.obj,koala male
b141dda23578766d,a22,b141dda23578766d.obj,cheetah female
b234fb92bcacf4db,a48,b234fb92bcacf4db.obj,jaguar male
b245bce8888afeb4,a39,b245bce8888afeb4.obj,pigeon
b3639e91e48f90f1,a159,b3639e91e48f90f1.obj,chicken
b40605d93511756d,a46,b40605d93511756d.obj,aardvark female
b44e755a2fb42ad0,a109,b44e755a2fb42ad0.obj,cat
b46c5d1510f7e1a4,a92,b46c5d1510f7e1a4.obj,nyala female
b4891278cf84bda4,a172,b4891278cf84bda4.obj,arctic wolf male
b55c36293cdb47bf,a49,b55c36293cdb47bf.obj,plains zebra male
b5f24bcd658e3bd5,a163,b5f24bcd658e3bd5.obj,gemsbok juvenile
b609dc59b3039257,a1,b609dc59b3039257.obj,cassowary female
b660f7e5959a2ea0,a132,b660f7e5959a2ea0.obj,black wildebeest male
ba6c17861f1fdabc,a100,ba6c17861f1fdabc.obj,great horned owl
ba7b9da1f1c45296,a103,ba7b9da1f1c45296.obj,12257_bird
bb306902252799be,a97,bb306902252799be.obj,12258_bird
bbdedc10be93fb6e,a6,bbdedc10be93fb6e.obj,king penguin male
bc362ef90482b082,a67,bc362ef90482b082.obj,llama male
bcfec2a2e7d4336a,a38,bcfec2a2e7d4336a.obj,formosan black bear juvenile
bd8a7ac67339e2d5,a97,bd8a7ac67339e2d5.obj,12258_bird
bd9f8bd45593a0cc,a7,bd9f8bd45593a0cc.obj,african buffalo juvenile
bdf5128b241959b8,a169,bdf5128b241959b8.obj,komodo dragon juvenile
c06f7a01098b018b,a165,c06f7a01098b018b.obj,12245_bird
c0711e59c0006177,a121,c0711e59c0006177.obj,stag
c08708af112a0bc7,a114,c08708af112a0bc7.obj,indian rhinoceros female
c08b5058ec12705d,a68,c08b5058ec12705d.obj,red ruffed lemur male
c0d8aefb3b2ae9fb,a118,c0d8aefb3b2ae9fb.obj,grizzly bear male
c0dcb96c756dbfc5,a123,c0dcb96c756dbfc5.obj,rhinoceros
c180a6944a796dd1,a45,c180a6944a796dd1.obj,giant panda female
c1db6aceadbe546f,a136,c1db6aceadbe546f.obj,sheep
c281a16ddb955261,a134,c281a16ddb955261.obj,common ostrich juvenile
c329a4bfc8c0a995,a55,c329a4bfc8c0a995.obj,arctic wolf juvenile
c36b74d05bd80d81,a134,c36b74d05bd80d81.obj,common ostrich juvenile
c423400504d96338,a124,c423400504d96338.obj,bornean orangutan juvenile
c484f391c112c70f,a133,c484f391c112c70f.obj,brown bear
c6457fbbce37ec86,a76,c6457fbbce37ec86.obj,chinese pangolin male
c6a64b1fd1e8cd43,a156,c6a64b1fd1e8cd43.obj,bairds tapir male
c6aff24baaab3ca9,a122,c6aff24baaab3ca9.obj,ring tailed lemur male
c6cbe6d259d1c457,a35,c6cbe6d259d1c457.obj,siberian tiger juvenile
c6f7761f5fe290fa,a106,c6f7761f5fe290fa.obj,pronghorn antelope male
c78aacf25332539a,a49,c78aacf25332539a.obj,plains zebra male
c8c580af957a5d2c,a75,c8c580af957a5d2c.obj,sun bear male
c9115aa02a41a4e6,a95,c9115aa02a41a4e6.obj,puff adder
ca028b330a788164,a57,ca028b330a788164.obj,red panda male
cbef81f72fefce7a,a141,cbef81f72fefce7a.obj,fox
cc9d45414fb693d5,a177,cc9d45414fb693d5.obj,common ostrich male
ccedf54cba34d96d,a109,ccedf54cba34d96d.obj,cat
d0c30ad9d0522ca9,a120,d0c30ad9d0522ca9.obj,dall sheep male
d0ea1adb69ca11d1,a92,d0ea1adb69ca11d1.obj,nyala female
d135189b46e20da8,a164,d135189b46e20da8.obj,indian rhinoceros male
d19ff493ba370b6e,a81,d19ff493ba370b6e.obj,concrete dog statue chewing bone
d1aef3261220290a,a8,d1aef3261220290a.obj,12212_bird
d265178183f1045a,a9,d265178183f1045a.obj,12239_bird
d2e4667d08d1ff86,a18,d2e4667d08d1ff86.obj,tibetan bear
d30fb376f0eaea2b,a80,d30fb376f0eaea2b.obj,pig
d3377b07ed88c02c,a71,d3377b07ed88c02c.obj,american bison female
d3af05d7f2f37761,a177,d3af05d7f2f37761.obj,common ostrich male
d3ba454970b6abd8,a42,d3ba454970b6abd8.obj,12235_bird
d3ce00984b6ffe3a,a129,d3ce00984b6ffe3a.obj,nyala male
d3f5de25c5cfe10b,a135,d3f5de25c5cfe10b.obj,crow
d42e636946ade14e,a9,d42e636946ade14e.obj,12239_bird
d46d18fabb157728,a83,d46d18fabb157728.obj,indian elephant female
d4de076de078e6ba,a120,d4de076de078e6ba.obj,dall sheep male
d52126f39607d7e5,a63,d52126f39607d7e5.obj,western lowland gorilla male
d63af3f5e7edd913,a26,d63af3f5e7edd913.obj,giant otter male
d6654dc72b2fc814,a97,d6654dc72b2fc814.obj,12258_bird
d7ec8c861271c6b9,a66,d7ec8c861271c6b9.obj,sk
d91ae5ac12f20fb9,a88,d91ae5ac12f20fb9.obj,australian_cattle_dog
da0da90b4c6c9621,a126,da0da90b4c6c9621.obj,deerdoe
dbfad9e0971c6734,a58,dbfad9e0971c6734.obj,pygmy hippo male
dc4ff0bf65018d35,a51,dc4ff0bf65018d35.obj,bear
dcea5825436a03ca,a110,dcea5825436a03ca.obj,falcon
dd8a26c4de9a4d6c,a51,dd8a26c4de9a4d6c.obj,bear
dd986bc1a049ef4b,a118,dd986bc1a049ef4b.obj,grizzly bear male
ddfa2ef9e3c43e13,a149,ddfa2ef9e3c43e13.obj,goat
deed286d937453e9,a127,deed286d937453e9.obj,grey seal female
dfbb8fdd9be16fc6,a85,dfbb8fdd9be16fc6.obj,sable antelope male
e0c5393e4f88864f,a77,e0c5393e4f88864f.obj,gray wolf
e0f5cafb98d9acf7,a92,e0f5cafb98d9acf7.obj,nyala female
e16916d53f03e59f,a7,e16916d53f03e59f.obj,african buffalo juvenile
e17edb72cc31de14,a169,e17edb72cc31de14.obj,komodo dragon juvenile
e406c931589df07b,a175,e406c931589df07b.obj,bird
e448bfc8561b7f5b,a41,e448bfc8561b7f5b.obj,galapagos giant tortoise male
e505606f158f2955,a161,e505606f158f2955.obj,gharial male
e5ee823dd8ebfe70,a25,e5ee823dd8ebfe70.obj,crocodile
e6e23a42e21d5d81,a86,e6e23a42e21d5d81.obj,common warthog juvenile
e6ec065ce21bb1e9,a98,e6ec065ce21bb1e9.obj,springbok juvenile
e74deefe0a3ad809,a133,e74deefe0a3ad809.obj,brown bear
e7d35ff357dd270d,a176,e7d35ff357dd270d.obj,giant anteater juvenile
e7f4d68eb4c3f512,a111,e7f4d68eb4c3f512.obj,hippopotamus
e84d5bcc733cb2c0,a166,e84d5bcc733cb2c0.obj,gull
e8626631698592a7,a176,e8626631698592a7.obj,giant anteater juvenile
ea0a0d3cb57de45c,a149,ea0a0d3cb57de45c.obj,goat
ea200cbaf4ceb144,a53,ea200cbaf4ceb144.obj,west african lion female
ea4680eb71358a11,a126,ea4680eb71358a11.obj,deerdoe
ea774de39e97e259,a178,ea774de39e97e259.obj,saltwater crocodile juvenile
ebb4e5b69643d4ab,a160,ebb4e5b69643d4ab.obj,black cat back arched angry
ec1d8367e32b35b5,a136,ec1d8367e32b35b5.obj,sheep
edf43557a84dc38e,a3,edf43557a84dc38e.obj,reindeer male
ee0a634b331b5a2a,a80,ee0a634b331b5a2a.obj,pig
ee5fdac79ee65b48,a44,ee5fdac79ee65b48.obj,bornean orangutan male
ef26ac0097ec03ab,a10,ef26ac0097ec03ab.obj,thomsons gazelle juvenile
ef916ad12d81d484,a85,ef916ad12d81d484.obj,sable antelope male
efa061e775cc76e0,a154,efa061e775cc76e0.obj,dog remeshed hunting
efdf5b5eed9a4890,a106,efdf5b5eed9a4890.obj,pronghorn antelope male
f1089dcdf18fa0a2,a113,f1089dcdf18fa0a2.obj,canaan dog
f1d410c5d6888311,a153,f1d410c5d6888311.obj,indian peafowl male
f2e49e6309928b53,a161,f2e49e6309928b53.obj,gharial male
f2fcaced04bd4f2e,a154,f2fcaced04bd4f2e.obj,dog remeshed hunting
f30a9b11844c24b0,a22,f30a9b11844c24b0.obj,cheetah female
f40a50ef56006ab9,a135,f40a50ef56006ab9.obj,crow
f46502a5c792f3d2,a151,f46502a5c792f3d2.obj,black wildebeest juvenile
f4673fcd52f52b95,a165,f4673fcd52f52b95.obj,12245_bird
f5c33961fc80448c,a87,f5c33961fc80448c.obj,lioness
f676e480e5f79f05,a132,f676e480e5f79f05.obj,black wildebeest male
f68c68b42185c717,a82,f68c68b42185c717.obj,12240_bird
f6dddfd190b2291f,a119,f6dddfd190b2291f.obj,12247_bird
f7237b602f17a279,a121,f7237b602f17a279.obj,stag
f764a508c643d067,a161,f764a508c643d067.obj,gharial male
f8287f9edce2640a,a70,f8287f9edce2640a.obj,lion
f88ddb5d1e798ebc,a132,f88ddb5d1e798ebc.obj,black wildebeest male
f8cbd24719bd2d25,a115,f8cbd24719bd2d25.obj,polar bear
fb9353dc68b766dd,a54,fb9353dc68b766dd.obj,snow leopard female
fbebaed970d04c62,a49,fbebaed970d04c62.obj,plains zebra male
fc20b4369ee117fd,a19,fc20b4369ee117fd.obj,babirusa female
fc8524975220e49c,a8,fc8524975220e49c.obj,12212_bird
fca89dbdefa84fb9,a15,fca89dbdefa84fb9.obj,indian peafowl juvenile
fdfd2538c9269782,a4,fdfd2538c9269782.obj,12259_bird
fe0dc4f6d17a9c13,a79,fe0dc4f6d17a9c13.obj,african elephant female
fe8ba017416507eb,a65,fe8ba017416507eb.obj,indian elephant male
fec0ffde891590ec,a141,fec0ffde891590ec.obj,fox
ff35780e9a84c00c,a17,ff35780e9a84c00c.obj,boar
