obj_id,tex
0109bd7501410481,springbok female
019470e0b56fe70a,goat
019470e0b56fe70a,A goat is running around the farm to find grass
0313b6fb78613a9e,american bison female
0426cd835b1f0bf0,binturong female
0449f665c5c7d649,cheetah female
0449f665c5c7d649,A female cheetah is moving around to find water
046ba23fb2dba9b6,african buffalo female
079c96c521c73ca9,african elephant female
079c96c521c73ca9,A female African elephant is standing in the shade to take a rest
0b3e8d17d98f5193,capuchin monkey female
0c27b52a88c33aae,zebra
0cc1b52750c22499,red kangaroo male
0cc1b52750c22499,A red kangaroo is resting in the shade
11e16848f8de0a7b,bornean orangutan male
11e16848f8de0a7b,A male Bornean orangutan is looking for food near the stream
13a49ab0aecbc76f,mandrill female
13a49ab0aecbc76f,A female mandrill is climbing out the top of the tree
158dcfba185978e8,sable antelope juvenile
17e243080e46a77a,diamondback terrapin
1815808c9db01bc7,thomsons gazelle female
1815808c9db01bc7,A female thomsons gazelle is browsing on grasses
19be36a45ce6f9e4,dall sheep female
1b1aee8806c0393b,duck
1b1aee8806c0393b,A white duck is resting on the water
1ba95d8d320f5e33,hippopotamus
1ba95d8d320f5e33,A hippopotamus is travelling through water
1df3b0ad86562fde,spotted hyena male
1df3b0ad86562fde,A spotted hyena is resting in mud at stream
1f356a5d5fbd0263,seagull
2030c08c33298d28,okapi male
223bc7dec8a03c59,sparrow
223bc7dec8a03c59,A tiny sparrow is foraging for food on the ground
255d31f96c2f3723,sun bear male
255d31f96c2f3723,A sun bear is lumbering through the forests by night
2846d0b05ed649cf,lioness
2846d0b05ed649cf,A big lioness is resting under the tree
2accc11b14dde296,indian elephant male
2accc11b14dde296,An Indian male elephant is sucking up water
2c709428b2ca75be,pygmy hippo juvenile
2f97710a9ad1b2c5,stag
2f97710a9ad1b2c5,A red deer stag is seeking shelter in dense vegetation
30cf391e77c2cf88,malayan tapir male
30cf391e77c2cf88,A male Baird tapir is seeking out water
30cf391e77c2cf88,A Malayan tapir is foraging for leaves around the tree
30db82e1d7e02e0f,bear
30db82e1d7e02e0f,A big bear is searching for food in the cave
31cf8317f82a5815,clouded leopard female
3bdb27fe2e018a7c,elephant
3bdb27fe2e018a7c,A huge elephant is using their trunks to spray water
3c5f903557218c37,boar
3c5f903557218c37,A huge boar is roaming over large areas in search of water
3cf19cfa1149d500,pronghorn antelope female
3d9546c481cc1c22,reindeer juvenile
3e5de1100e3b5b82,dall sheep male
3e93217cf9baa08f,indian peafowl male
413505e6f4ddf95e,reticulated giraffe male
43cc39cf656a41ae,west african lion female
43cc39cf656a41ae,A female west african lion is roaming the savannas
43cfff6a23acafe7,mandrill juvenile
43fd7e94a67f9376,common warthog female
492ab711a91f0d60,common ostrich juvenile
4a2ef78c1829d866,american bison juvenile
4b433ec01cdaafff,chinese pangolin male
4c681e7d9db52f8b,japanese macaque male
4ca46d226ab601bf,nyala female
4f144c6cac46dac5,proboscis monkey male
4f7811c96a04ba51,red ruffed lemur male
4f7811c96a04ba51,A red ruffed lemur  is standing under the tree
52037651db34d9c6,gemsbok female
52037651db34d9c6,A big gemsbok is standing beside the waterfall
53139295c1a7f131,indian rhinoceros male
53e190f2111eaddb,lehmanns poison frog
59bd33136e830f43,cuviers dwarf caiman juvenile
59bd33136e830f43,A cuviers dwarf caiman is resting
5a0331cd4017b611,cow
5a0331cd4017b611,A great cow is resting and lie down under the tree
5aff7c6a33aa8071,pygmy hippo male
5cf7adb1082aa77d,sable antelope male
5d078794e493954c,aardvark female
5f2f1b58e50c61bf,african wild dog female
5f38dbc7e09d2cdd,grey seal female
5f38dbc7e09d2cdd,A grey seal is diving into the pool
60a64c226b25f697,thomsons gazelle male
60a64c226b25f697,A male thomsons gazelle is resting in the lake edge
60d4505f1a7290eb,indian rhinoceros juvenile
62d3595fe53c81be,wolf
62d3595fe53c81be,A night wolf is fast-moving to catch the prey near the waterfall
62e532ede5fce4a5,sheep
62e532ede5fce4a5,A sheep is moving around the field to find water
64263b59af4be01a,nyala male
64263b59af4be01a,A male nyala is drinking on the lake
6.58586E+15,bactrian camel male
658d4e36212e9c9e,common ostrich male
672c0162a3077e07,dall sheep juvenile
6e92439ce227a932,chicken
6e92439ce227a932,A tiny chicken is scratching at the ground
6f3e9d792ec6082d,reindeer male
6f3e9d792ec6082d,A reindeer is fast-moving to the water source
7173c9264a210587,polar bear male
7173c9264a210587,A polar bear is searching for food on the ice rock
7693fede195ea017,himalayan brown bear male
81dc2a724ba57790,bonobo juvenile
81dc2a724ba57790,A bonobo is standing and playing on the sand
82c76d00ebd193b6,western lowland gorilla male
82de86e0cd7f9736,rabbit
834953da8335695b,bornean orangutan female
834953da8335695b,A female Bornean orangutan is moving from tree to tree
846ee3d09ab0fcc8,indian elephant female
84cda9bd7042c100,komodo dragon juvenile
84cda9bd7042c100,A komodo dragon is preparing to attack the prey
868c9905d94ddb08,rhinoceros
876489950e67fe4b,malayan tapir male
876489950e67fe4b,A male Baird tapir is seeking out water
876489950e67fe4b,A Malayan tapir is foraging for leaves around the tree
88c74acaea736788,gray wolf female
890f0812b9947e09,dhole juvenile
890f0812b9947e09,A juvenile dhole is moving and playing in the forest
8b632eddc3627a37,lesser antillean iguana
8e2dcf928d4348fd,crow
8e2dcf928d4348fd,A brown crow is foraging for food in fields
90595337e6108d17,western chimpanzee male
90595337e6108d17,A female Bornean orangutan is moving from tree to tree
90ba6644ad322c47,african elephant male
93068e2de4fc820a,indian rhinoceros female
93c911b19ed62df8,west african lion male
9841cafe9b5e1f5e,dingo juvenile
9841cafe9b5e1f5e,A tiny young dingo is basking in the sun near the lake
98b4aaaa2165fcd1,snow leopard female
98c510f0e41accf8,okapi female
9c8ce73f3c2c12d2,hippopotamus male
9d5d62c52379d9f0,sk
9d5d62c52379d9f0,A golden eagle is soaring over the river
9ea7c44d1e5ac264,siberian tiger juvenile
a02aaca56afb4f17,pig
a02aaca56afb4f17,A brown pig is slow-moving away the mud
a2e67ac727768dcc,nile monitor juvenile
a2e67ac727768dcc,A komodo dragon is preparing to attack the prey
a2e67ac727768dcc,A juvenile Nile monitor is crawling on the sand near the river
a594a0e2b9fe9ca5,greater flamingo male
a7c3e08cc4309ec9,indian peafowl juvenile
aa5750ffc43bcc18,bengal tiger male
aa5750ffc43bcc18,A female west african lion is roaming the savannas
aa5750ffc43bcc18,A Bengal tiger is standing to watch the prey
ab047afa481c3134,deerdoe
ab047afa481c3134,A whitetail deer doe is resting in the shade
ac3d3b1b6d75d3ae,llama male
ac3d3b1b6d75d3ae,A small llama is running from the predator
ae7e4778dfc7147b,springbok male
afb491e33546448e,babirusa juvenile
afb4aa409ce3ba60,cassowary juvenile
b0334182d0c3faeb,cassowary female
b0334182d0c3faeb,A female cassowary is standing near the river to watch the waterfall
b095d9ef45ca6c13,peacock female
b095d9ef45ca6c13,A female peacock is dancing
b0ed6ea888551408,koala male
b0ed6ea888551408,A great koala is hugging its child on the tree
b234fb92bcacf4db,jaguar male
b234fb92bcacf4db,A Bengal tiger is standing to watch the prey
b245bce8888afeb4,pigeon
b245bce8888afeb4,A white pigeon is flying to the top of the mountain
b4891278cf84bda4,arctic wolf male
b5f24bcd658e3bd5,gemsbok juvenile
b5f24bcd658e3bd5,A young gemsbok is resting under the tree
ba6c17861f1fdabc,great horned owl
ba6c17861f1fdabc,A great horned owl is flying over the forest
bbdedc10be93fb6e,king penguin male
bcfec2a2e7d4336a,formosan black bear juvenile
bcfec2a2e7d4336a,A Formosan black bear is seeking shelter in dens
bd9f8bd45593a0cc,african buffalo juvenile
bffcd34d68d28303,babirusa male
c0d8aefb3b2ae9fb,grizzly bear male
c180a6944a796dd1,giant panda female
c1db6aceadbe546f,sheep
c1db6aceadbe546f,A big sheep is walking to the shelter
c329a4bfc8c0a995,arctic wolf juvenile
c423400504d96338,bornean orangutan juvenile
c423400504d96338,A young Bornean orangutan is standing and playing in the forest canopy
c6aff24baaab3ca9,ring tailed lemur male
c6aff24baaab3ca9,A ring tailed lemur is lying down on the branch
c6f7761f5fe290fa,pronghorn antelope male
c6f7761f5fe290fa,A male pronghorn antelope is running at speeds in the field
c78aacf25332539a,plains zebra male
c9115aa02a41a4e6,puff adder
c9115aa02a41a4e6,A puff adder is moving away from the pool
ca028b330a788164,red panda male
d5ce39428399616c,aldabra giant tortoise female
d63af3f5e7edd913,giant otter male
d63af3f5e7edd913,A giant otter is standing and resting in a burrow
e448bfc8561b7f5b,galapagos giant tortoise male
e5ee823dd8ebfe70,crocodile
e5ee823dd8ebfe70,A crocodile is swimming and diving to catch prey
e6e23a42e21d5d81,common warthog juvenile
e6ec065ce21bb1e9,springbok juvenile
e81bcfcf9bf2c1ca,bongo male
e8626631698592a7,giant anteater juvenile
e8626631698592a7,A giant anteater is resting in a sheltered area
ea774de39e97e259,saltwater crocodile juvenile
ea774de39e97e259,A cuviers dwarf caiman is resting
ef26ac0097ec03ab,thomsons gazelle juvenile
f2e49e6309928b53,gharial male
f46502a5c792f3d2,black wildebeest juvenile
f46502a5c792f3d2,A juvenile black wildebeest is running to the lake
f8287f9edce2640a,lion
f8287f9edce2640a,A lion is moving long distances to reach the water
f88ddb5d1e798ebc,black wildebeest male
fc20b4369ee117fd,babirusa female
fc20b4369ee117fd,A female babirusa is foraging for food near water sources
fec0ffde891590ec,fox
fec0ffde891590ec,A fox is standing to watch the prey under the tree
e74deefe0a3ad809,brown bear
1c94e26b92ab97dd,goose
3d7695f8399c68c5,basset
3ddd6a55a6d8e37c,wolf
3ddd6a55a6d8e37c,A big wolf is standing and resting
9556be5bb399f203,swan
9556be5bb399f203,A white swan is staying in breeding areas
dcea5825436a03ca,falcon
e84d5bcc733cb2c0,gull
ec1d8367e32b35b5,sheep
ec1d8367e32b35b5,A white sheep is sunbathing in the field
f40a50ef56006ab9,crow
01612cb400453597,bird
01612cb400453597,A small sparrow is sleeping in bushes
12c2d1ff31beb7e9,bird
12c2d1ff31beb7e9,A tiny bird is perching on the post
1925dd31d7b4064c,bird
1925dd31d7b4064c,A white bird is gliding over the river
1b7bc4b33cddb120,bird
1b7bc4b33cddb120,A huge bird is foraging food
28ae488982984ce3,bird
29c20613ff8b0ea4,bird toucan
45e33d9f984acc7a,bird
4c142b488845264b,bear roaring and lunging forward
4c142b488845264b,A bear is roaring and lunging forward
4d7a48f9df08a11e,australian cattle dog
4ef649c218c6ffd0,bird
4ef649c218c6ffd0,A tiny parrot hiding in the nest on the tree
5268c856bdbcd7ec,polar bear
547f2f46f3a479eb,caracal
56458bc6918ca35d,bird
56458bc6918ca35d,A tiny bird is returning to the nest
6481b377a1f2992a,bird
6a34b7da751a7f3f,marco polo sheep
6f41ba76e9ffcf67,bird
70c98f4c562affee,antelope
74e121781a01280d,bird
74e121781a01280d,A grey sparrow is foraging on the ground
7c53223fa27fbb2b,wolf
80b20ad87a71a44f,bird
825b05e3f1482c22,bird
837f7b9ff5dcfa78,bird
83a6898b3cf63399,bird
83a6898b3cf63399,A tiny bird is perching on the post
ad6886154dae4a8c,goat
b44e755a2fb42ad0,cat
ba7b9da1f1c45296,bird
bd8a7ac67339e2d5,bird
bd8a7ac67339e2d5,A medium bird is bathing on the lake
ccedf54cba34d96d,cat
d19ff493ba370b6e,concrete dog statue chewing holding bone
d19ff493ba370b6e,A dog is sitting and holding a bone in its mouth
d1aef3261220290a,bird
d1aef3261220290a,A tiny bird is returning to the nest
d2e4667d08d1ff86,tibetan bear
d42e636946ade14e,bird
d42e636946ade14e,A great parrot is traveling between different branches.
e0c5393e4f88864f,gray wolf
ebb4e5b69643d4ab,black cat back arched angry
ebb4e5b69643d4ab,An angry cat is in defense and holding its tail straight up
f1089dcdf18fa0a2,canaan dog
f2fcaced04bd4f2e,dog remeshed hunting
f4673fcd52f52b95,bird
f4673fcd52f52b95,A huge bird is roosting in a bush
f8cbd24719bd2d25,polar bear
3b3252444d8b457a,springbok female
bfc8c9ed57d319d2,springbok female
eb669ec7a2cc888a,springbok female
103a969e2bb1dcc9,bird
103a969e2bb1dcc9,A small sparrow is sleeping in bushes
ce9073046498fc6f,bird
ce9073046498fc6f,A small sparrow is sleeping in bushes
d8507df2c18f7908,bird
d8507df2c18f7908,A small sparrow is sleeping in bushes
0266a5a1e24613ba,goat
0266a5a1e24613ba,A goat is running around the farm to find grass
6bc2402ce628bbef,goat
6bc2402ce628bbef,A goat is running around the farm to find grass
ddfa2ef9e3c43e13,goat
ddfa2ef9e3c43e13,A goat is running around the farm to find grass
0823860d2037647f,american bison female
6dc816c6745c0b4d,american bison female
d3377b07ed88c02c,american bison female
2df52539bd6c0756,binturong female
53e9c7c3130f2d41,binturong female
872da42e17302cf3,binturong female
55f44c3f728145bb,cheetah female
55f44c3f728145bb,A female cheetah is moving around to find water
b141dda23578766d,cheetah female
b141dda23578766d,A female cheetah is moving around to find water
f30a9b11844c24b0,cheetah female
f30a9b11844c24b0,A female cheetah is moving around to find water
0efe9a4279ef9c48,african buffalo female
4ea79a529433b5d6,african buffalo female
5061a045b4f68bc6,african buffalo female
410211806e61d8bb,african elephant female
410211806e61d8bb,A female African elephant is standing in the shade to take a rest
904cb4ada4827f50,african elephant female
904cb4ada4827f50,A female African elephant is standing in the shade to take a rest
fe0dc4f6d17a9c13,african elephant female
fe0dc4f6d17a9c13,A female African elephant is standing in the shade to take a rest
1b3d973e8c712776,capuchin monkey female
2736c1212e9624d8,capuchin monkey female
9edcaa9f5ddecfc2,capuchin monkey female
553744f87e36aabb,zebra
f34aa0a2108b06c2,zebra
f72449d035d0ac79,zebra
02f910f4d565a330,red kangaroo male
02f910f4d565a330,A red kangaroo is resting in the shade
2d4347cacab9627c,red kangaroo male
2d4347cacab9627c,A red kangaroo is resting in the shade
587eeec34cf4d2c8,red kangaroo male
587eeec34cf4d2c8,A red kangaroo is resting in the shade
88fe8b2185d4feb6,bornean orangutan male
88fe8b2185d4feb6,A male Bornean orangutan is looking for food near the stream
ae09892d3ad04b4b,bornean orangutan male
ae09892d3ad04b4b,A male Bornean orangutan is looking for food near the stream
ee5fdac79ee65b48,bornean orangutan male
ee5fdac79ee65b48,A male Bornean orangutan is looking for food near the stream
1b0305051ec67406,bird
1b0305051ec67406,A tiny bird is perching on the post
30d44706cdb396ba,bird
30d44706cdb396ba,A tiny bird is perching on the post
3c2c913e87a88e57,bird
3c2c913e87a88e57,A tiny bird is perching on the post
9e89b018e25bd4ed,bird
9e89b018e25bd4ed,A tiny bird is perching on the post
40e86f26ce8cc8eb,mandrill female
40e86f26ce8cc8eb,A female mandrill is climbing out the top of the tree
836406771c68c193,mandrill female
836406771c68c193,A female mandrill is climbing out the top of the tree
bda1f6d4a4b5fe79,mandrill female
bda1f6d4a4b5fe79,A female mandrill is climbing out the top of the tree
07a182b4c5ff670d,sable antelope juvenile
5479388fdcb8f4b3,sable antelope juvenile
677063925aa95336,sable antelope juvenile
b345896ab5eb2f5e,sable antelope juvenile
fc2db06c4c42b0d2,sable antelope juvenile
6683e5816cd62649,diamondback terrapin
d5bc2c74d13ee217,diamondback terrapin
f17c28d4b31b1517,diamondback terrapin
771f7f4cbdb88fa6,thomsons gazelle female
771f7f4cbdb88fa6,A female thomsons gazelle is browsing on grasses
81e25016525a9151,thomsons gazelle female
81e25016525a9151,A female thomsons gazelle is browsing on grasses
ee154ab1b203f278,thomsons gazelle female
ee154ab1b203f278,A female thomsons gazelle is browsing on grasses
6afaaa7ebeee14b7,bird
6afaaa7ebeee14b7,A white bird is gliding over the river
6f08aeec26ba66cf,bird
6f08aeec26ba66cf,A white bird is gliding over the river
fed99c4e5443d447,bird
fed99c4e5443d447,A white bird is gliding over the river
0489595b95c547dd,dall sheep female
9fe19c2f9343a942,dall sheep female
d7c1b172e327ab80,dall sheep female
208ff71bed4a1459,duck
208ff71bed4a1459,A white duck is resting on the water
48ea82841daadc18,duck
48ea82841daadc18,A white duck is resting on the water
8c85dc57e5e16770,duck
8c85dc57e5e16770,A white duck is resting on the water
145639767668eaf7,bird
145639767668eaf7,A huge bird is foraging food
5ae6baa4fd312d38,bird
5ae6baa4fd312d38,A huge bird is foraging food
e406c931589df07b,bird
e406c931589df07b,A huge bird is foraging food
3d677a4457574cd7,hippopotamus
3d677a4457574cd7,A hippopotamus is travelling through water
5587d54f4108c95e,hippopotamus
5587d54f4108c95e,A hippopotamus is travelling through water
e7f4d68eb4c3f512,hippopotamus
e7f4d68eb4c3f512,A hippopotamus is travelling through water
068a77d6a7c8aa90,spotted hyena male
068a77d6a7c8aa90,A spotted hyena is resting in mud at stream
390eb1a5e57f1bd5,spotted hyena male
390eb1a5e57f1bd5,A spotted hyena is resting in mud at stream
9d6d5dd3175f52fa,spotted hyena male
9d6d5dd3175f52fa,A spotted hyena is resting in mud at stream
a5391c778367ed6b,seagull
cb3b53c236312a01,seagull
f0b5c52cb89607ad,seagull
11d69250767f925c,okapi male
535c19d963f3d1ba,okapi male
034074f6277978dc,sparrow
034074f6277978dc,A tiny sparrow is foraging for food on the ground
1b538c586ad2c0db,sparrow
1b538c586ad2c0db,A tiny sparrow is foraging for food on the ground
f0931310b6964a5e,sparrow
f0931310b6964a5e,A tiny sparrow is foraging for food on the ground
3df2c5b8e30103ff,sun bear male
3df2c5b8e30103ff,A sun bear is lumbering through the forests by night
6b3b93b4b0711861,sun bear male
6b3b93b4b0711861,A sun bear is lumbering through the forests by night
c8c580af957a5d2c,sun bear male
c8c580af957a5d2c,A sun bear is lumbering through the forests by night
26f8ae8f8db6e224,lioness
26f8ae8f8db6e224,A big lioness is resting under the tree
f5c33961fc80448c,lioness
f5c33961fc80448c,A big lioness is resting under the tree
fa79d53c4036fa3d,lioness
fa79d53c4036fa3d,A big lioness is resting under the tree
1065699438e44f04,bird
1387e002edbe7757,bird
29e1d80da09586cc,bird
64773bd12fa9b48c,bird
98032f4c2f991db9,bird
fc8524975220e49c,bird
06420791d90920aa,bird toucan
24215bf7ce370aaf,bird toucan
47a5282b8ba9e6d2,bird toucan
2268076b3b795a99,indian elephant male
2268076b3b795a99,An Indian male elephant is sucking up water
5e873501f1e26ca0,indian elephant male
5e873501f1e26ca0,An Indian male elephant is sucking up water
fe8ba017416507eb,indian elephant male
fe8ba017416507eb,An Indian male elephant is sucking up water
1180fbeb855ae874,pygmy hippo juvenile
1f65711c9ef62568,pygmy hippo juvenile
811a1f305c2884ce,pygmy hippo juvenile
a957b00d43ef7c8f,stag
a957b00d43ef7c8f,A red deer stag is seeking shelter in dense vegetation
c0711e59c0006177,stag
c0711e59c0006177,A red deer stag is seeking shelter in dense vegetation
f7237b602f17a279,stag
f7237b602f17a279,A red deer stag is seeking shelter in dense vegetation
05c7a6c16b69e4b0,malayan tapir male
05c7a6c16b69e4b0,A male Baird tapir is seeking out water
05c7a6c16b69e4b0,A Malayan tapir is foraging for leaves around the tree
124bea9bc82bb0c4,malayan tapir male
124bea9bc82bb0c4,A male Baird tapir is seeking out water
124bea9bc82bb0c4,A Malayan tapir is foraging for leaves around the tree
3dd66bd447d95ae1,malayan tapir male
3dd66bd447d95ae1,A male Baird tapir is seeking out water
3dd66bd447d95ae1,A Malayan tapir is foraging for leaves around the tree
5177b051d25ea0f7,malayan tapir male
5177b051d25ea0f7,A male Baird tapir is seeking out water
5177b051d25ea0f7,A Malayan tapir is foraging for leaves around the tree
56d86e7b9f59e2b7,malayan tapir male
56d86e7b9f59e2b7,A male Baird tapir is seeking out water
56d86e7b9f59e2b7,A Malayan tapir is foraging for leaves around the tree
c6a64b1fd1e8cd43,malayan tapir male
c6a64b1fd1e8cd43,A male Baird tapir is seeking out water
c6a64b1fd1e8cd43,A Malayan tapir is foraging for leaves around the tree
5e626e0bc33e7019,bear
5e626e0bc33e7019,A big bear is searching for food in the cave
dc4ff0bf65018d35,bear
dc4ff0bf65018d35,A big bear is searching for food in the cave
dd8a26c4de9a4d6c,bear
dd8a26c4de9a4d6c,A big bear is searching for food in the cave
169b90e868c69185,clouded leopard female
4ce0245ee81d54c8,clouded leopard female
c94760fab3f8ec44,clouded leopard female
0016afdafa241a8b,elephant
0016afdafa241a8b,A huge elephant is using their trunks to spray water
1f7b19dd8f7d532e,elephant
1f7b19dd8f7d532e,A huge elephant is using their trunks to spray water
4bc2868c75c32abd,elephant
4bc2868c75c32abd,A huge elephant is using their trunks to spray water
30aeb0f6039ef714,boar
30aeb0f6039ef714,A huge boar is roaming over large areas in search of water
8b4f277b03b271b5,boar
8b4f277b03b271b5,A huge boar is roaming over large areas in search of water
ff35780e9a84c00c,boar
ff35780e9a84c00c,A huge boar is roaming over large areas in search of water
1eb2e5d50f0ae982,pronghorn antelope female
2c5bd307d25beb0f,pronghorn antelope female
776a9134c6bb1d03,pronghorn antelope female
7c1bca56ec73c461,reindeer juvenile
80f19bdb036e4d95,reindeer juvenile
ff51de34794e07fd,reindeer juvenile
2232fed9e00d559a,dall sheep male
d0c30ad9d0522ca9,dall sheep male
d4de076de078e6ba,dall sheep male
7febb03fa7121507,indian peafowl male
9351cfef5ce54e69,indian peafowl male
f1d410c5d6888311,indian peafowl male
8e5b0a1b440e41b1,reticulated giraffe male
e31ced3776eca0a7,reticulated giraffe male
f24db050b4065a9c,reticulated giraffe male
ea200cbaf4ceb144,west african lion female
ea200cbaf4ceb144,A female west african lion is roaming the savannas
a08b0c2fe44e748b,mandrill juvenile
bea831bbdeb49dbe,mandrill juvenile
fc7b6af833b14287,mandrill juvenile
22148c7852d51497,common warthog female
50d1d60a07d09d83,common warthog female
5d33d36a11ebf237,common warthog female
18476d26139f9f44,bird
98b9ecda30efcb34,bird
a609886e475e0942,bird
7bf29d74ee81f62a,common ostrich juvenile
c281a16ddb955261,common ostrich juvenile
c36b74d05bd80d81,common ostrich juvenile
0ffe68ec732dddff,american bison juvenile
6cb7c854dc08ec70,american bison juvenile
7161147dfc135e09,american bison juvenile
107cecfd59be0583,chinese pangolin male
39ac47af68e86109,chinese pangolin male
c6457fbbce37ec86,chinese pangolin male
cb4fbea952d068b4,bear roaring and lunging forward
cb4fbea952d068b4,A bear is roaring and lunging forward
eb2ca1b686cec5b6,bear roaring and lunging forward
eb2ca1b686cec5b6,A bear is roaring and lunging forward
fb8e44e358fa39c8,bear roaring and lunging forward
fb8e44e358fa39c8,A bear is roaring and lunging forward
e84c540449aea18a,japanese macaque male
ee08e4a284a536e8,japanese macaque male
f858f2ac7979a7b1,japanese macaque male
b46c5d1510f7e1a4,nyala female
d0ea1adb69ca11d1,nyala female
e0f5cafb98d9acf7,nyala female
9b93eafce6f5a7ac,australian cattle dog
d91ae5ac12f20fb9,australian cattle dog
eea729867e7273aa,australian cattle dog
152e68ac50b67fd3,bird
152e68ac50b67fd3,A tiny parrot hiding in the nest on the tree
c8a68150df3727e6,bird
c8a68150df3727e6,A tiny parrot hiding in the nest on the tree
fdfd2538c9269782,bird
fdfd2538c9269782,A tiny parrot hiding in the nest on the tree
02bf2b708a98eb01,proboscis monkey male
6c74ffe6fa3a2227,proboscis monkey male
8f1e3d3f3eb18a62,proboscis monkey male
0ae627367cedcd26,red ruffed lemur male
0ae627367cedcd26,A red ruffed lemur  is standing under the tree
32e445ce45908f8f,red ruffed lemur male
32e445ce45908f8f,A red ruffed lemur  is standing under the tree
c08b5058ec12705d,red ruffed lemur male
c08b5058ec12705d,A red ruffed lemur  is standing under the tree
3762672a3fb6a081,gemsbok female
3762672a3fb6a081,A big gemsbok is standing beside the waterfall
5a47b8a4ad093e6c,gemsbok female
5a47b8a4ad093e6c,A big gemsbok is standing beside the waterfall
5f779cd192cae3a3,gemsbok female
5f779cd192cae3a3,A big gemsbok is standing beside the waterfall
07b9f5a19be6449a,polar bear
6d73a35aafa82787,polar bear
6fc0839548a389b2,polar bear
2ae530419cd685af,indian rhinoceros male
40989eb3293c273e,indian rhinoceros male
8b0062ec0267c5f1,indian rhinoceros male
c08708af112a0bc7,indian rhinoceros male
d135189b46e20da8,indian rhinoceros male
6d63b247b02d535d,lehmanns poison frog
b4820fa8a2c2444a,lehmanns poison frog
cdd35fc56b3e2d0a,lehmanns poison frog
78c5de6dd0d3af11,caracal
cdb03dd72471b157,caracal
d93679457ff96f4f,caracal
014cbea869fcf211,bird
014cbea869fcf211,A tiny bird is returning to the nest
3707cda48b44084f,bird
3707cda48b44084f,A tiny bird is returning to the nest
67fbcae05765c5f0,cuviers dwarf caiman juvenile
67fbcae05765c5f0,A cuviers dwarf caiman is resting
7af0ae61cfa42a48,cuviers dwarf caiman juvenile
7af0ae61cfa42a48,A cuviers dwarf caiman is resting
8061c9167e0cb731,cow
8061c9167e0cb731,A great cow is resting and lie down under the tree
919317f18eaae8fd,cow
919317f18eaae8fd,A great cow is resting and lie down under the tree
cb59eadac2b90db5,cow
cb59eadac2b90db5,A great cow is resting and lie down under the tree
5748b8108aea43c6,pygmy hippo male
aae580fed8c9604b,pygmy hippo male
dbfad9e0971c6734,pygmy hippo male
1e76e5c9aa18cad5,sable antelope male
dfbb8fdd9be16fc6,sable antelope male
ef916ad12d81d484,sable antelope male
52f8ea88fade532a,aardvark female
8905f44a81dddb52,aardvark female
b40605d93511756d,aardvark female
13e0f1c32a3c9bcc,african wild dog female
511779683b40b395,african wild dog female
6920236f40bf3768,african wild dog female
15d746d0e8530e55,grey seal female
15d746d0e8530e55,A grey seal is diving into the pool
56c67f15ec8bdb2c,grey seal female
56c67f15ec8bdb2c,A grey seal is diving into the pool
deed286d937453e9,grey seal female
deed286d937453e9,A grey seal is diving into the pool
2b72aa75a44e8847,thomsons gazelle male
2b72aa75a44e8847,A male thomsons gazelle is resting in the lake edge
60af2d4f86d5307c,thomsons gazelle male
60af2d4f86d5307c,A male thomsons gazelle is resting in the lake edge
69b0631cac45fce6,thomsons gazelle male
69b0631cac45fce6,A male thomsons gazelle is resting in the lake edge
22648f17641ea2ee,indian rhinoceros juvenile
3af12c73b71c656f,indian rhinoceros juvenile
9dd06e3c5098a211,indian rhinoceros juvenile
95865abd260e2c15,wolf
95865abd260e2c15,A night wolf is fast-moving to catch the prey near the waterfall
c5bc9b0cfdb5d23e,wolf
c5bc9b0cfdb5d23e,A night wolf is fast-moving to catch the prey near the waterfall
f770b7a17bed6938,wolf
f770b7a17bed6938,A night wolf is fast-moving to catch the prey near the waterfall
79a002142ee6b312,sheep
79a002142ee6b312,A sheep is moving around the field to find water
36089dc42596904a,nyala male
36089dc42596904a,A male nyala is drinking on the lake
aa0598ae402d2833,nyala male
aa0598ae402d2833,A male nyala is drinking on the lake
d3ce00984b6ffe3a,nyala male
d3ce00984b6ffe3a,A male nyala is drinking on the lake
983acf35534872bb,bird
f488c177fdbbab01,bird
f6dddfd190b2291f,bird
22c09296590fb951,bactrian camel male
74703abba6aed00b,bactrian camel male
819367dceddb838b,bactrian camel male
2e86a3625d556854,common ostrich male
cc9d45414fb693d5,common ostrich male
d3af05d7f2f37761,common ostrich male
0a87f2d6c01fb230,dall sheep juvenile
98d12855b2889504,dall sheep juvenile
b4679940dd7710ef,dall sheep juvenile
5a96f86475d74e88,marco polo sheep
75bd8a12238f44b5,marco polo sheep
c97abb4e781eaec2,marco polo sheep
7f36942b8785093d,chicken
7f36942b8785093d,A tiny chicken is scratching at the ground
919b80269990ac22,chicken
919b80269990ac22,A tiny chicken is scratching at the ground
b3639e91e48f90f1,chicken
b3639e91e48f90f1,A tiny chicken is scratching at the ground
24e4919ee2fad075,reindeer male
24e4919ee2fad075,A reindeer is fast-moving to the water source
a4da84ed81451ad0,reindeer male
a4da84ed81451ad0,A reindeer is fast-moving to the water source
edf43557a84dc38e,reindeer male
edf43557a84dc38e,A reindeer is fast-moving to the water source
a52636bfacafa2b6,bird
ab130247173f42ba,bird
f68c68b42185c717,bird
6f50fb3efc179160,antelope
c53efb8e05ccafb5,antelope
d7f91c8dd06833e0,antelope
0ae964801539411d,polar bear male
0ae964801539411d,A polar bear is searching for food on the ice rock
b2155ffa27d015f8,polar bear male
b2155ffa27d015f8,A polar bear is searching for food on the ice rock
cb6ef21b1c71cbbb,polar bear male
cb6ef21b1c71cbbb,A polar bear is searching for food on the ice rock
4f721ca24c1ea9ee,bird
4f721ca24c1ea9ee,A grey sparrow is foraging on the ground
8d32b020126e6e8c,bird
8d32b020126e6e8c,A grey sparrow is foraging on the ground
92daae9f6dbb128e,bird
92daae9f6dbb128e,A grey sparrow is foraging on the ground
3bf1ce0d8b192e34,wolf
bfdb497b62c53c6d,wolf
ff4fb6cb32c1c467,wolf
01fea2892d3dcb14,bird
4a295ba0a7ded399,bird
eac21a4b02e6e24a,bird
530c82165054bf61,bonobo juvenile
530c82165054bf61,A bonobo is standing and playing on the sand
6c4d2f2a280f3a90,bonobo juvenile
6c4d2f2a280f3a90,A bonobo is standing and playing on the sand
f8c35c11d6367ad1,bonobo juvenile
f8c35c11d6367ad1,A bonobo is standing and playing on the sand
88652c4cf16deeda,bird
a3dc68476353e506,bird
d3ba454970b6abd8,bird
0a77cd2a91dfff53,western lowland gorilla male
5544db19d7450c08,western lowland gorilla male
d52126f39607d7e5,western lowland gorilla male
4ed71d8d8944949a,rabbit
a2a17167753efcb1,rabbit
e74b025c2133655a,rabbit
8504af9b6f6829dc,bornean orangutan female
8504af9b6f6829dc,A female Bornean orangutan is moving from tree to tree
25a5dff1c2e3fd6c,bird
3bd22b60871f3c97,bird
6586d4fbdf3bbddb,bird
75a51a0bc964ed21,bird
75a51a0bc964ed21,A tiny bird is perching on the post
f4ae012475c8b50a,bird
f4ae012475c8b50a,A tiny bird is perching on the post
4581d98eaf09d27b,indian elephant female
688c7d507ae9f253,indian elephant female
d46d18fabb157728,indian elephant female
787871da8b795d39,komodo dragon juvenile
787871da8b795d39,A komodo dragon is preparing to attack the prey
6892964be383453f,rhinoceros
8f42f036627160ae,rhinoceros
c0dcb96c756dbfc5,rhinoceros
4d5af5360a844b3f,malayan tapir male
4d5af5360a844b3f,A male Baird tapir is seeking out water
4d5af5360a844b3f,A Malayan tapir is foraging for leaves around the tree
6a6002c745899757,malayan tapir male
6a6002c745899757,A male Baird tapir is seeking out water
6a6002c745899757,A Malayan tapir is foraging for leaves around the tree
94ee98fd5cf5e505,dhole juvenile
94ee98fd5cf5e505,A juvenile dhole is moving and playing in the forest
c75a9c7c8b59efc9,dhole juvenile
c75a9c7c8b59efc9,A juvenile dhole is moving and playing in the forest
ff2eff3e8be69c85,dhole juvenile
ff2eff3e8be69c85,A juvenile dhole is moving and playing in the forest
52568b7512b8c478,lesser antillean iguana
7b3c2502ab3aacc5,lesser antillean iguana
88028a0e4ac75667,lesser antillean iguana
3c203e2dbdf1bea7,crow
3c203e2dbdf1bea7,A brown crow is foraging for food in fields
4e3036c53e50beed,crow
4e3036c53e50beed,A brown crow is foraging for food in fields
d3f5de25c5cfe10b,crow
d3f5de25c5cfe10b,A brown crow is foraging for food in fields
1469459f7ebe496c,western chimpanzee male
1469459f7ebe496c,A female Bornean orangutan is moving from tree to tree
49296a65591751f1,western chimpanzee male
49296a65591751f1,A female Bornean orangutan is moving from tree to tree
706e6d63c0a59998,western chimpanzee male
706e6d63c0a59998,A female Bornean orangutan is moving from tree to tree
89defea2383d8c4c,western chimpanzee male
89defea2383d8c4c,A female Bornean orangutan is moving from tree to tree
f8b337766428bd4e,western chimpanzee male
f8b337766428bd4e,A female Bornean orangutan is moving from tree to tree
2d0e5e5ef940e212,african elephant male
55a985eef253a7a0,african elephant male
e9b85e6177ccf14d,african elephant male
5716d05c503ca41e,indian rhinoceros female
52fde79d27bfeafd,west african lion male
70de0fdcbaf1302f,west african lion male
a86071b0d9d7d0da,west african lion male
2acea48879fd7fec,dingo juvenile
2acea48879fd7fec,A tiny young dingo is basking in the sun near the lake
3575419b4b9d1e89,dingo juvenile
3575419b4b9d1e89,A tiny young dingo is basking in the sun near the lake
d1fa77c870715aa6,dingo juvenile
d1fa77c870715aa6,A tiny young dingo is basking in the sun near the lake
fb9353dc68b766dd,snow leopard female
d6e0c1df4a6727ef,okapi female
fa19e2ec35f90a50,okapi female
bbe5a083ba234197,hippopotamus male
c4ee709c2845df96,hippopotamus male
d2262a2bf815bca0,hippopotamus male
032fb59a082e3095,sk
032fb59a082e3095,A golden eagle is soaring over the river
087d185ae42e6026,sk
087d185ae42e6026,A golden eagle is soaring over the river
d7ec8c861271c6b9,sk
d7ec8c861271c6b9,A golden eagle is soaring over the river
46f3bcef53438440,siberian tiger juvenile
6f58684956f448da,siberian tiger juvenile
c6cbe6d259d1c457,siberian tiger juvenile
95fbfda2a354bacc,pig
95fbfda2a354bacc,A brown pig is slow-moving away the mud
d30fb376f0eaea2b,pig
d30fb376f0eaea2b,A brown pig is slow-moving away the mud
ee0a634b331b5a2a,pig
ee0a634b331b5a2a,A brown pig is slow-moving away the mud
3730d6a7fdb0e4a8,nile monitor juvenile
3730d6a7fdb0e4a8,A komodo dragon is preparing to attack the prey
3730d6a7fdb0e4a8,A juvenile Nile monitor is crawling on the sand near the river
7bc562527a894ac8,nile monitor juvenile
7bc562527a894ac8,A komodo dragon is preparing to attack the prey
7bc562527a894ac8,A juvenile Nile monitor is crawling on the sand near the river
aaf18dc46614568f,nile monitor juvenile
aaf18dc46614568f,A komodo dragon is preparing to attack the prey
aaf18dc46614568f,A juvenile Nile monitor is crawling on the sand near the river
bdf5128b241959b8,nile monitor juvenile
bdf5128b241959b8,A komodo dragon is preparing to attack the prey
bdf5128b241959b8,A juvenile Nile monitor is crawling on the sand near the river
e17edb72cc31de14,nile monitor juvenile
e17edb72cc31de14,A komodo dragon is preparing to attack the prey
e17edb72cc31de14,A juvenile Nile monitor is crawling on the sand near the river
00b174d953f27354,greater flamingo male
3bbdb934e5cf5e7c,greater flamingo male
dcdd9defb7654a69,greater flamingo male
9d9e8b57fde29a41,indian peafowl juvenile
a5842e12a9200d43,indian peafowl juvenile
fca89dbdefa84fb9,indian peafowl juvenile
11395e357f045559,bengal tiger male
11395e357f045559,A female west african lion is roaming the savannas
11395e357f045559,A Bengal tiger is standing to watch the prey
15f5184dd981d634,bengal tiger male
15f5184dd981d634,A female west african lion is roaming the savannas
15f5184dd981d634,A Bengal tiger is standing to watch the prey
467501864d76cbbd,bengal tiger male
467501864d76cbbd,A female west african lion is roaming the savannas
467501864d76cbbd,A Bengal tiger is standing to watch the prey
7939a5fa2ffed845,bengal tiger male
7939a5fa2ffed845,A female west african lion is roaming the savannas
7939a5fa2ffed845,A Bengal tiger is standing to watch the prey
7aa5b3344260a6c8,bengal tiger male
7aa5b3344260a6c8,A female west african lion is roaming the savannas
7aa5b3344260a6c8,A Bengal tiger is standing to watch the prey
a3f337038d154765,deerdoe
a3f337038d154765,A whitetail deer doe is resting in the shade
da0da90b4c6c9621,deerdoe
da0da90b4c6c9621,A whitetail deer doe is resting in the shade
ea4680eb71358a11,deerdoe
ea4680eb71358a11,A whitetail deer doe is resting in the shade
1e87934cd4d7e8ee,llama male
1e87934cd4d7e8ee,A small llama is running from the predator
29550f9c0b8e7d7a,llama male
29550f9c0b8e7d7a,A small llama is running from the predator
bc362ef90482b082,llama male
bc362ef90482b082,A small llama is running from the predator
1dacb6cdad209643,goat
9e10ab1de79421ec,goat
ea0a0d3cb57de45c,goat
87941f22ae04cfa1,springbok male
afb009152b8ff33c,springbok male
e242947fb36276d8,springbok male
4b7e6d7c00dc221c,babirusa juvenile
79c95869e0d37be3,babirusa juvenile
f5749752ed4a8e10,babirusa juvenile
0ac1112120f956e6,cassowary juvenile
592aba62e8462b16,cassowary juvenile
b54319c9bb0ede4d,cassowary juvenile
1564b04086c2c084,cassowary female
1564b04086c2c084,A female cassowary is standing near the river to watch the waterfall
2dfa7571f2321b9e,cassowary female
2dfa7571f2321b9e,A female cassowary is standing near the river to watch the waterfall
b609dc59b3039257,cassowary female
b609dc59b3039257,A female cassowary is standing near the river to watch the waterfall
6c280b75a4128f8b,koala male
6c280b75a4128f8b,A great koala is hugging its child on the tree
b1fc2b6ab1cbb8e7,koala male
b1fc2b6ab1cbb8e7,A great koala is hugging its child on the tree
d086e2ba9427d224,koala male
d086e2ba9427d224,A great koala is hugging its child on the tree
15b3a52de1d155f8,jaguar male
15b3a52de1d155f8,A Bengal tiger is standing to watch the prey
1d502beefbc7697e,jaguar male
1d502beefbc7697e,A Bengal tiger is standing to watch the prey
2ce177087a5b7860,jaguar male
2ce177087a5b7860,A Bengal tiger is standing to watch the prey
a64e0155977494f6,jaguar male
a64e0155977494f6,A Bengal tiger is standing to watch the prey
a92a71ac204d0223,jaguar male
a92a71ac204d0223,A Bengal tiger is standing to watch the prey
1bb180982752f261,pigeon
1bb180982752f261,A white pigeon is flying to the top of the mountain
29e9d7cf62ed365b,pigeon
29e9d7cf62ed365b,A white pigeon is flying to the top of the mountain
4cce9c8ae0103550,pigeon
4cce9c8ae0103550,A white pigeon is flying to the top of the mountain
1cb8783b0b728483,cat
5f76ff02b2bd8554,cat
78c02d222c27bc25,cat
f807a75c0e3429fa,cat
0c273d5ab5435bff,arctic wolf male
25d8bb2c5103d784,arctic wolf male
800132a29257a00e,arctic wolf male
8e2cb9cc846f26a7,arctic wolf male
97eb2ab380ceac87,arctic wolf male
c9318b8622922822,arctic wolf male
39fa25fa685a2a71,gemsbok juvenile
39fa25fa685a2a71,A young gemsbok is resting under the tree
7115af5fd3e62ca0,gemsbok juvenile
7115af5fd3e62ca0,A young gemsbok is resting under the tree
9e2c640d53381d60,gemsbok juvenile
9e2c640d53381d60,A young gemsbok is resting under the tree
575052b4c7230c8b,great horned owl
575052b4c7230c8b,A great horned owl is flying over the forest
72f7a445bff185f8,great horned owl
72f7a445bff185f8,A great horned owl is flying over the forest
9946e34f45632be6,great horned owl
9946e34f45632be6,A great horned owl is flying over the forest
56e73e1ef7d75a43,bird
9aa017336678933a,bird
ee348416503b399b,bird
86e6f532243c9e95,king penguin male
ad790b0a529e2267,king penguin male
c6902f10d0efd8be,king penguin male
57b24bbdb0c2985f,formosan black bear juvenile
57b24bbdb0c2985f,A Formosan black bear is seeking shelter in dens
9047b88a1daca816,formosan black bear juvenile
9047b88a1daca816,A Formosan black bear is seeking shelter in dens
e76f366074e000b0,formosan black bear juvenile
e76f366074e000b0,A Formosan black bear is seeking shelter in dens
9115ebf2eb5e3dd1,bird
9115ebf2eb5e3dd1,A medium bird is bathing on the lake
bb306902252799be,bird
bb306902252799be,A medium bird is bathing on the lake
d6654dc72b2fc814,bird
d6654dc72b2fc814,A medium bird is bathing on the lake
08d73e04780a95a5,african buffalo juvenile
42e032de7218c164,african buffalo juvenile
e16916d53f03e59f,african buffalo juvenile
7907e0dc70c44f92,babirusa male
7aa6307caf88079d,babirusa male
7e425f2c7bd1de87,babirusa male
20b5e565c2f67b81,grizzly bear male
342d50ae23716421,grizzly bear male
8e05fa0fab7d7e0f,grizzly bear male
8f2b6f200d420b7e,grizzly bear male
c4cb6c13af0fba27,grizzly bear male
dd986bc1a049ef4b,grizzly bear male
b922cbe2403df658,giant panda female
c9d2d69ecab50fcc,giant panda female
d6f67448fad3e49d,giant panda female
6f4322bbfcbf58b6,arctic wolf juvenile
efc57137562e8eeb,arctic wolf juvenile
f45311b54d5d3fe4,arctic wolf juvenile
426a1b89dcfa2b6d,bornean orangutan juvenile
426a1b89dcfa2b6d,A young Bornean orangutan is standing and playing in the forest canopy
5e9c1bf43507f405,bornean orangutan juvenile
5e9c1bf43507f405,A young Bornean orangutan is standing and playing in the forest canopy
73796850790b70ca,bornean orangutan juvenile
73796850790b70ca,A young Bornean orangutan is standing and playing in the forest canopy
4aeadac4ffc25dab,ring tailed lemur male
4aeadac4ffc25dab,A ring tailed lemur is lying down on the branch
cbd5aaf74e9de14a,ring tailed lemur male
cbd5aaf74e9de14a,A ring tailed lemur is lying down on the branch
e911271cca4a9d36,ring tailed lemur male
e911271cca4a9d36,A ring tailed lemur is lying down on the branch
10bcae5f92b18612,pronghorn antelope male
10bcae5f92b18612,A male pronghorn antelope is running at speeds in the field
47d04be344220ba4,pronghorn antelope male
47d04be344220ba4,A male pronghorn antelope is running at speeds in the field
efdf5b5eed9a4890,pronghorn antelope male
efdf5b5eed9a4890,A male pronghorn antelope is running at speeds in the field
225def4a419b8f55,plains zebra male
b55c36293cdb47bf,plains zebra male
fbebaed970d04c62,plains zebra male
18916433442bd760,puff adder
18916433442bd760,A puff adder is moving away from the pool
6efc9529ed9e7fc5,puff adder
6efc9529ed9e7fc5,A puff adder is moving away from the pool
ad3a9fd00fc69eaf,puff adder
ad3a9fd00fc69eaf,A puff adder is moving away from the pool
10c2e95fab328678,red panda male
a1993557a877621a,red panda male
d0bc4cd0c3bc8ced,red panda male
00beb632ff36011e,cat
c44866f41c8768f3,cat
76386d460969cd1c,concrete dog statue chewing holding bone
76386d460969cd1c,A dog is sitting and holding a bone in its mouth
85e5acde0498e53b,concrete dog statue chewing holding bone
85e5acde0498e53b,A dog is sitting and holding a bone in its mouth
a91a958f77aaaf7a,concrete dog statue chewing holding bone
a91a958f77aaaf7a,A dog is sitting and holding a bone in its mouth
7f9c5a47a8b18f00,bird
7f9c5a47a8b18f00,A tiny bird is returning to the nest
10436dc75a8fa9d4,tibetan bear
148342bfa8f41a31,tibetan bear
33fdb47f963804ae,tibetan bear
2ad8b1381890d17a,bird
2ad8b1381890d17a,A great parrot is traveling between different branches.
78b045d9082fa8a1,bird
78b045d9082fa8a1,A great parrot is traveling between different branches.
d265178183f1045a,bird
d265178183f1045a,A great parrot is traveling between different branches.
03b5427c9cbad7df,aldabra giant tortoise female
40ffabf8d9949b3a,aldabra giant tortoise female
6929c827e1ce8419,aldabra giant tortoise female
344e0698585e098a,giant otter male
344e0698585e098a,A giant otter is standing and resting in a burrow
5d47fcc026aece1e,giant otter male
5d47fcc026aece1e,A giant otter is standing and resting in a burrow
c18dc05027727a8d,giant otter male
c18dc05027727a8d,A giant otter is standing and resting in a burrow
188f8079c7e8e65a,gray wolf
26c8931736dc43fb,gray wolf
ffb83d7326fd48d9,gray wolf
0b98619a32548d8e,galapagos giant tortoise male
6fc741f92c03654d,galapagos giant tortoise male
aa182a1ca33fba10,galapagos giant tortoise male
5e6f1816ab0eebeb,crocodile
5e6f1816ab0eebeb,A crocodile is swimming and diving to catch prey
72996e8a76011909,crocodile
72996e8a76011909,A crocodile is swimming and diving to catch prey
8d3be739b380144a,crocodile
8d3be739b380144a,A crocodile is swimming and diving to catch prey
2721b9a1421f6599,common warthog juvenile
49b1dcc1038c7d6a,common warthog juvenile
85a5e7457d06795b,common warthog juvenile
0c9b5c0c7881583f,springbok juvenile
602f8d20449d6e58,springbok juvenile
c7c9add79b919256,springbok juvenile
0cedfe3226dabe49,brown bear
25eb316bfa00fc98,brown bear
c484f391c112c70f,brown bear
5dce28d98011a696,bongo male
845335c530f24a80,bongo male
e072cf875c16542a,bongo male
6beb33f61a648b30,giant anteater juvenile
6beb33f61a648b30,A giant anteater is resting in a sheltered area
9c0ccaca4f7af75d,giant anteater juvenile
9c0ccaca4f7af75d,A giant anteater is resting in a sheltered area
e7d35ff357dd270d,giant anteater juvenile
e7d35ff357dd270d,A giant anteater is resting in a sheltered area
130ee9cf38dcc2a1,saltwater crocodile juvenile
130ee9cf38dcc2a1,A cuviers dwarf caiman is resting
7160a4036bd716d3,saltwater crocodile juvenile
7160a4036bd716d3,A cuviers dwarf caiman is resting
88bf8bc923ad639b,saltwater crocodile juvenile
88bf8bc923ad639b,A cuviers dwarf caiman is resting
9f890fc4347f91b0,saltwater crocodile juvenile
9f890fc4347f91b0,A cuviers dwarf caiman is resting
1a0240c017cd5737,black cat back arched angry
1a0240c017cd5737,An angry cat is in defense and holding its tail straight up
303ae000f3346db3,black cat back arched angry
303ae000f3346db3,An angry cat is in defense and holding its tail straight up
581129f2e0a8962a,black cat back arched angry
581129f2e0a8962a,An angry cat is in defense and holding its tail straight up
1a418f85ca7808da,thomsons gazelle juvenile
99467c906f40a69f,thomsons gazelle juvenile
d890aa3630d5e8b2,thomsons gazelle juvenile
2db0707188554ab9,canaan dog
a635e529613c6c00,canaan dog
ae93f2d3e0ab350d,canaan dog
0ffc2d1991f4d1e4,gharial male
e505606f158f2955,gharial male
f764a508c643d067,gharial male
20fad05da21b0518,dog remeshed hunting
8240c7ae34b9fcd0,dog remeshed hunting
efa061e775cc76e0,dog remeshed hunting
5192c45bf1ce718c,black wildebeest juvenile
5192c45bf1ce718c,A juvenile black wildebeest is running to the lake
59400f104fce28c2,black wildebeest juvenile
59400f104fce28c2,A juvenile black wildebeest is running to the lake
ed2b9dbd5a8d4f91,black wildebeest juvenile
ed2b9dbd5a8d4f91,A juvenile black wildebeest is running to the lake
067354f955919479,bird
067354f955919479,A huge bird is roosting in a bush
97db07b2d5e4b197,bird
97db07b2d5e4b197,A huge bird is roosting in a bush
c06f7a01098b018b,bird
c06f7a01098b018b,A huge bird is roosting in a bush
3080f1b08986b040,black wildebeest male
b660f7e5959a2ea0,black wildebeest male
f676e480e5f79f05,black wildebeest male
c43879676fbe4462,polar bear
e478035ea7a63a88,polar bear
fb5c86ffdae2de70,polar bear
10b05be54ad24bbf,babirusa female
10b05be54ad24bbf,A female babirusa is foraging for food near water sources
77e419b386f8bb46,babirusa female
77e419b386f8bb46,A female babirusa is foraging for food near water sources
e18ea7c595a3d53d,babirusa female
e18ea7c595a3d53d,A female babirusa is foraging for food near water sources
1b86d214f8445508,fox
1b86d214f8445508,A fox is standing to watch the prey under the tree
654e7e41a4575e77,fox
654e7e41a4575e77,A fox is standing to watch the prey under the tree
cbef81f72fefce7a,fox
cbef81f72fefce7a,A fox is standing to watch the prey under the tree
