obj_id,text_id,obj_filename,tex
13a49ab0aecbc76f,04b64385ccad4949,13a49ab0aecbc76f.obj,A female mandrill is climbing out the top of the tree
40e86f26ce8cc8eb,04b64385ccad4949,40e86f26ce8cc8eb.obj,A female mandrill is climbing out the top of the tree
836406771c68c193,04b64385ccad4949,836406771c68c193.obj,A female mandrill is climbing out the top of the tree
bda1f6d4a4b5fe79,04b64385ccad4949,bda1f6d4a4b5fe79.obj,A female mandrill is climbing out the top of the tree
62d3595fe53c81be,0cfe7e0fa8aac26a,62d3595fe53c81be.obj,A night wolf is fast-moving to catch the prey near the waterfall
f770b7a17bed6938,0cfe7e0fa8aac26a,f770b7a17bed6938.obj,A night wolf is fast-moving to catch the prey near the waterfall
c5bc9b0cfdb5d23e,0cfe7e0fa8aac26a,c5bc9b0cfdb5d23e.obj,A night wolf is fast-moving to catch the prey near the waterfall
95865abd260e2c15,0cfe7e0fa8aac26a,95865abd260e2c15.obj,A night wolf is fast-moving to catch the prey near the waterfall
0449f665c5c7d649,0e5e5d21659dbe17,0449f665c5c7d649.obj,A female cheetah is moving around to find water
b141dda23578766d,0e5e5d21659dbe17,b141dda23578766d.obj,A female cheetah is moving around to find water
f30a9b11844c24b0,0e5e5d21659dbe17,f30a9b11844c24b0.obj,A female cheetah is moving around to find water
55f44c3f728145bb,0e5e5d21659dbe17,55f44c3f728145bb.obj,A female cheetah is moving around to find water
9556be5bb399f203,0ee64c3df3d2838a,9556be5bb399f203.obj,A white swan is staying in breeding areas
1b7bc4b33cddb120,13b02a5332f0ecd5,1b7bc4b33cddb120.obj,A huge bird is foraging food
e406c931589df07b,13b02a5332f0ecd5,e406c931589df07b.obj,A huge bird is foraging food
5ae6baa4fd312d38,13b02a5332f0ecd5,5ae6baa4fd312d38.obj,A huge bird is foraging food
145639767668eaf7,13b02a5332f0ecd5,145639767668eaf7.obj,A huge bird is foraging food
4f7811c96a04ba51,152c94475c913844,4f7811c96a04ba51.obj,A red ruffed lemur  is standing under the tree
0ae627367cedcd26,152c94475c913844,0ae627367cedcd26.obj,A red ruffed lemur  is standing under the tree
c08b5058ec12705d,152c94475c913844,c08b5058ec12705d.obj,A red ruffed lemur  is standing under the tree
32e445ce45908f8f,152c94475c913844,32e445ce45908f8f.obj,A red ruffed lemur  is standing under the tree
30db82e1d7e02e0f,1535d9fb7fa796c1,30db82e1d7e02e0f.obj,A big bear is searching for food in the cave
5e626e0bc33e7019,1535d9fb7fa796c1,5e626e0bc33e7019.obj,A big bear is searching for food in the cave
dc4ff0bf65018d35,1535d9fb7fa796c1,dc4ff0bf65018d35.obj,A big bear is searching for food in the cave
dd8a26c4de9a4d6c,1535d9fb7fa796c1,dd8a26c4de9a4d6c.obj,A big bear is searching for food in the cave
74e121781a01280d,182d7cbac174658f,74e121781a01280d.obj,A grey sparrow is foraging on the ground
4f721ca24c1ea9ee,182d7cbac174658f,4f721ca24c1ea9ee.obj,A grey sparrow is foraging on the ground
92daae9f6dbb128e,182d7cbac174658f,92daae9f6dbb128e.obj,A grey sparrow is foraging on the ground
8d32b020126e6e8c,182d7cbac174658f,8d32b020126e6e8c.obj,A grey sparrow is foraging on the ground
0cc1b52750c22499,1c8345c93d4915a2,0cc1b52750c22499.obj,A red kangaroo is resting in the shade
02f910f4d565a330,1c8345c93d4915a2,02f910f4d565a330.obj,A red kangaroo is resting in the shade
2d4347cacab9627c,1c8345c93d4915a2,2d4347cacab9627c.obj,A red kangaroo is resting in the shade
587eeec34cf4d2c8,1c8345c93d4915a2,587eeec34cf4d2c8.obj,A red kangaroo is resting in the shade
6f3e9d792ec6082d,1d1f0cae9de4a20d,6f3e9d792ec6082d.obj,A reindeer is fast-moving to the water source
edf43557a84dc38e,1d1f0cae9de4a20d,edf43557a84dc38e.obj,A reindeer is fast-moving to the water source
a4da84ed81451ad0,1d1f0cae9de4a20d,a4da84ed81451ad0.obj,A reindeer is fast-moving to the water source
24e4919ee2fad075,1d1f0cae9de4a20d,24e4919ee2fad075.obj,A reindeer is fast-moving to the water source
84cda9bd7042c100,203af1b041b12e1d,84cda9bd7042c100.obj,A komodo dragon is preparing to attack the prey
3730d6a7fdb0e4a8,203af1b041b12e1d,3730d6a7fdb0e4a8.obj,A komodo dragon is preparing to attack the prey
aaf18dc46614568f,203af1b041b12e1d,aaf18dc46614568f.obj,A komodo dragon is preparing to attack the prey
787871da8b795d39,203af1b041b12e1d,787871da8b795d39.obj,A komodo dragon is preparing to attack the prey
c6aff24baaab3ca9,21315bd25b7adc01,c6aff24baaab3ca9.obj,A ring tailed lemur is lying down on the branch
e911271cca4a9d36,21315bd25b7adc01,e911271cca4a9d36.obj,A ring tailed lemur is lying down on the branch
4aeadac4ffc25dab,21315bd25b7adc01,4aeadac4ffc25dab.obj,A ring tailed lemur is lying down on the branch
cbd5aaf74e9de14a,21315bd25b7adc01,cbd5aaf74e9de14a.obj,A ring tailed lemur is lying down on the branch
f46502a5c792f3d2,22b31b3cf19cdb7f,f46502a5c792f3d2.obj,A juvenile black wildebeest is running to the lake
5192c45bf1ce718c,22b31b3cf19cdb7f,5192c45bf1ce718c.obj,A juvenile black wildebeest is running to the lake
ed2b9dbd5a8d4f91,22b31b3cf19cdb7f,ed2b9dbd5a8d4f91.obj,A juvenile black wildebeest is running to the lake
59400f104fce28c2,22b31b3cf19cdb7f,59400f104fce28c2.obj,A juvenile black wildebeest is running to the lake
876489950e67fe4b,24eb507b06b6d4ad,876489950e67fe4b.obj,A male Baird tapir is seeking out water
05c7a6c16b69e4b0,24eb507b06b6d4ad,05c7a6c16b69e4b0.obj,A male Baird tapir is seeking out water
3dd66bd447d95ae1,24eb507b06b6d4ad,3dd66bd447d95ae1.obj,A male Baird tapir is seeking out water
c6a64b1fd1e8cd43,24eb507b06b6d4ad,c6a64b1fd1e8cd43.obj,A male Baird tapir is seeking out water
c6f7761f5fe290fa,25d3c279224e9090,c6f7761f5fe290fa.obj,A male pronghorn antelope is running at speeds in the field
10bcae5f92b18612,25d3c279224e9090,10bcae5f92b18612.obj,A male pronghorn antelope is running at speeds in the field
47d04be344220ba4,25d3c279224e9090,47d04be344220ba4.obj,A male pronghorn antelope is running at speeds in the field
efdf5b5eed9a4890,25d3c279224e9090,efdf5b5eed9a4890.obj,A male pronghorn antelope is running at speeds in the field
4ef649c218c6ffd0,26808910ed0da6e0,4ef649c218c6ffd0.obj,A tiny parrot hiding in the nest on the tree
152e68ac50b67fd3,26808910ed0da6e0,152e68ac50b67fd3.obj,A tiny parrot hiding in the nest on the tree
c8a68150df3727e6,26808910ed0da6e0,c8a68150df3727e6.obj,A tiny parrot hiding in the nest on the tree
fdfd2538c9269782,26808910ed0da6e0,fdfd2538c9269782.obj,A tiny parrot hiding in the nest on the tree
2f97710a9ad1b2c5,26b7158e1f03b0bb,2f97710a9ad1b2c5.obj,A red deer stag is seeking shelter in dense vegetation
f7237b602f17a279,26b7158e1f03b0bb,f7237b602f17a279.obj,A red deer stag is seeking shelter in dense vegetation
a957b00d43ef7c8f,26b7158e1f03b0bb,a957b00d43ef7c8f.obj,A red deer stag is seeking shelter in dense vegetation
c0711e59c0006177,26b7158e1f03b0bb,c0711e59c0006177.obj,A red deer stag is seeking shelter in dense vegetation
64263b59af4be01a,29e33756715c2125,64263b59af4be01a.obj,A male nyala is drinking on the lake
36089dc42596904a,29e33756715c2125,36089dc42596904a.obj,A male nyala is drinking on the lake
aa0598ae402d2833,29e33756715c2125,aa0598ae402d2833.obj,A male nyala is drinking on the lake
d3ce00984b6ffe3a,29e33756715c2125,d3ce00984b6ffe3a.obj,A male nyala is drinking on the lake
834953da8335695b,2f61c298e0395353,834953da8335695b.obj,A female Bornean orangutan is moving from tree to tree
8504af9b6f6829dc,2f61c298e0395353,8504af9b6f6829dc.obj,A female Bornean orangutan is moving from tree to tree
f8b337766428bd4e,2f61c298e0395353,f8b337766428bd4e.obj,A female Bornean orangutan is moving from tree to tree
89defea2383d8c4c,2f61c298e0395353,89defea2383d8c4c.obj,A female Bornean orangutan is moving from tree to tree
1df3b0ad86562fde,3351535576ef36bd,1df3b0ad86562fde.obj,A spotted hyena is resting in mud at stream
9d6d5dd3175f52fa,3351535576ef36bd,9d6d5dd3175f52fa.obj,A spotted hyena is resting in mud at stream
068a77d6a7c8aa90,3351535576ef36bd,068a77d6a7c8aa90.obj,A spotted hyena is resting in mud at stream
390eb1a5e57f1bd5,3351535576ef36bd,390eb1a5e57f1bd5.obj,A spotted hyena is resting in mud at stream
43cc39cf656a41ae,371db10eb058594d,43cc39cf656a41ae.obj,A female west african lion is roaming the savannas
ea200cbaf4ceb144,371db10eb058594d,ea200cbaf4ceb144.obj,A female west african lion is roaming the savannas
7939a5fa2ffed845,371db10eb058594d,7939a5fa2ffed845.obj,A female west african lion is roaming the savannas
467501864d76cbbd,371db10eb058594d,467501864d76cbbd.obj,A female west african lion is roaming the savannas
b245bce8888afeb4,373349a624d7b13b,b245bce8888afeb4.obj,A white pigeon is flying to the top of the mountain
4cce9c8ae0103550,373349a624d7b13b,4cce9c8ae0103550.obj,A white pigeon is flying to the top of the mountain
29e9d7cf62ed365b,373349a624d7b13b,29e9d7cf62ed365b.obj,A white pigeon is flying to the top of the mountain
1bb180982752f261,373349a624d7b13b,1bb180982752f261.obj,A white pigeon is flying to the top of the mountain
ac3d3b1b6d75d3ae,3ec871952ad0a4c2,ac3d3b1b6d75d3ae.obj,A small llama is running from the predator
1e87934cd4d7e8ee,3ec871952ad0a4c2,1e87934cd4d7e8ee.obj,A small llama is running from the predator
29550f9c0b8e7d7a,3ec871952ad0a4c2,29550f9c0b8e7d7a.obj,A small llama is running from the predator
bc362ef90482b082,3ec871952ad0a4c2,bc362ef90482b082.obj,A small llama is running from the predator
bcfec2a2e7d4336a,3f4aeddbf84a3ba1,bcfec2a2e7d4336a.obj,A Formosan black bear is seeking shelter in dens
e76f366074e000b0,3f4aeddbf84a3ba1,e76f366074e000b0.obj,A Formosan black bear is seeking shelter in dens
57b24bbdb0c2985f,3f4aeddbf84a3ba1,57b24bbdb0c2985f.obj,A Formosan black bear is seeking shelter in dens
9047b88a1daca816,3f4aeddbf84a3ba1,9047b88a1daca816.obj,A Formosan black bear is seeking shelter in dens
3c5f903557218c37,44ffbb92b637fc04,3c5f903557218c37.obj,A huge boar is roaming over large areas in search of water
30aeb0f6039ef714,44ffbb92b637fc04,30aeb0f6039ef714.obj,A huge boar is roaming over large areas in search of water
8b4f277b03b271b5,44ffbb92b637fc04,8b4f277b03b271b5.obj,A huge boar is roaming over large areas in search of water
ff35780e9a84c00c,44ffbb92b637fc04,ff35780e9a84c00c.obj,A huge boar is roaming over large areas in search of water
8e2dcf928d4348fd,4a7c0f67af7334dd,8e2dcf928d4348fd.obj,A brown crow is foraging for food in fields
d3f5de25c5cfe10b,4a7c0f67af7334dd,d3f5de25c5cfe10b.obj,A brown crow is foraging for food in fields
4e3036c53e50beed,4a7c0f67af7334dd,4e3036c53e50beed.obj,A brown crow is foraging for food in fields
3c203e2dbdf1bea7,4a7c0f67af7334dd,3c203e2dbdf1bea7.obj,A brown crow is foraging for food in fields
b0ed6ea888551408,4ff38fe3abffee6e,b0ed6ea888551408.obj,A great koala is hugging its child on the tree
6c280b75a4128f8b,4ff38fe3abffee6e,6c280b75a4128f8b.obj,A great koala is hugging its child on the tree
d086e2ba9427d224,4ff38fe3abffee6e,d086e2ba9427d224.obj,A great koala is hugging its child on the tree
b1fc2b6ab1cbb8e7,4ff38fe3abffee6e,b1fc2b6ab1cbb8e7.obj,A great koala is hugging its child on the tree
62e532ede5fce4a5,5074451bdaa1734c,62e532ede5fce4a5.obj,A sheep is moving around the field to find water
4d5af5360a844b3f,5074451bdaa1734c,4d5af5360a844b3f.obj,A sheep is moving around the field to find water
6a6002c745899757,5074451bdaa1734c,6a6002c745899757.obj,A sheep is moving around the field to find water
79a002142ee6b312,5074451bdaa1734c,79a002142ee6b312.obj,A sheep is moving around the field to find water
1925dd31d7b4064c,5110adc459f44b27,1925dd31d7b4064c.obj,A white bird is gliding over the river
6afaaa7ebeee14b7,5110adc459f44b27,6afaaa7ebeee14b7.obj,A white bird is gliding over the river
fed99c4e5443d447,5110adc459f44b27,fed99c4e5443d447.obj,A white bird is gliding over the river
6f08aeec26ba66cf,5110adc459f44b27,6f08aeec26ba66cf.obj,A white bird is gliding over the river
bd8a7ac67339e2d5,55026919b0714fac,bd8a7ac67339e2d5.obj,A medium bird is bathing on the lake
bb306902252799be,55026919b0714fac,bb306902252799be.obj,A medium bird is bathing on the lake
9115ebf2eb5e3dd1,55026919b0714fac,9115ebf2eb5e3dd1.obj,A medium bird is bathing on the lake
d6654dc72b2fc814,55026919b0714fac,d6654dc72b2fc814.obj,A medium bird is bathing on the lake
b0334182d0c3faeb,599966e85d6857ce,b0334182d0c3faeb.obj,A female cassowary is standing near the river to watch the waterfall
2dfa7571f2321b9e,599966e85d6857ce,2dfa7571f2321b9e.obj,A female cassowary is standing near the river to watch the waterfall
1564b04086c2c084,599966e85d6857ce,1564b04086c2c084.obj,A female cassowary is standing near the river to watch the waterfall
b609dc59b3039257,599966e85d6857ce,b609dc59b3039257.obj,A female cassowary is standing near the river to watch the waterfall
11e16848f8de0a7b,5c7bbf629c64b765,11e16848f8de0a7b.obj,A male Bornean orangutan is looking for food near the stream
ae09892d3ad04b4b,5c7bbf629c64b765,ae09892d3ad04b4b.obj,A male Bornean orangutan is looking for food near the stream
88fe8b2185d4feb6,5c7bbf629c64b765,88fe8b2185d4feb6.obj,A male Bornean orangutan is looking for food near the stream
ee5fdac79ee65b48,5c7bbf629c64b765,ee5fdac79ee65b48.obj,A male Bornean orangutan is looking for food near the stream
d19ff493ba370b6e,601ddb15db807b23,d19ff493ba370b6e.obj,A dog is sitting and holding a bone in its mouth
76386d460969cd1c,601ddb15db807b23,76386d460969cd1c.obj,A dog is sitting and holding a bone in its mouth
85e5acde0498e53b,601ddb15db807b23,85e5acde0498e53b.obj,A dog is sitting and holding a bone in its mouth
a91a958f77aaaf7a,601ddb15db807b23,a91a958f77aaaf7a.obj,A dog is sitting and holding a bone in its mouth
b095d9ef45ca6c13,62774c483a2811a6,b095d9ef45ca6c13.obj,A female peacock is dancing
a02aaca56afb4f17,6368a54752f0fe25,a02aaca56afb4f17.obj,A brown pig is slow-moving away the mud
95fbfda2a354bacc,6368a54752f0fe25,95fbfda2a354bacc.obj,A brown pig is slow-moving away the mud
ee0a634b331b5a2a,6368a54752f0fe25,ee0a634b331b5a2a.obj,A brown pig is slow-moving away the mud
d30fb376f0eaea2b,6368a54752f0fe25,d30fb376f0eaea2b.obj,A brown pig is slow-moving away the mud
e5ee823dd8ebfe70,6f4c961a395ab006,e5ee823dd8ebfe70.obj,A crocodile is swimming and diving to catch prey
72996e8a76011909,6f4c961a395ab006,72996e8a76011909.obj,A crocodile is swimming and diving to catch prey
5e6f1816ab0eebeb,6f4c961a395ab006,5e6f1816ab0eebeb.obj,A crocodile is swimming and diving to catch prey
8d3be739b380144a,6f4c961a395ab006,8d3be739b380144a.obj,A crocodile is swimming and diving to catch prey
ab047afa481c3134,70529c539a3eaf30,ab047afa481c3134.obj,A whitetail deer doe is resting in the shade
da0da90b4c6c9621,70529c539a3eaf30,da0da90b4c6c9621.obj,A whitetail deer doe is resting in the shade
ea4680eb71358a11,70529c539a3eaf30,ea4680eb71358a11.obj,A whitetail deer doe is resting in the shade
a3f337038d154765,70529c539a3eaf30,a3f337038d154765.obj,A whitetail deer doe is resting in the shade
f8287f9edce2640a,7272bdeba718da96,f8287f9edce2640a.obj,A lion is moving long distances to reach the water
60a64c226b25f697,728ac3507f29b8b1,60a64c226b25f697.obj,A male thomsons gazelle is resting in the lake edge
69b0631cac45fce6,728ac3507f29b8b1,69b0631cac45fce6.obj,A male thomsons gazelle is resting in the lake edge
2b72aa75a44e8847,728ac3507f29b8b1,2b72aa75a44e8847.obj,A male thomsons gazelle is resting in the lake edge
60af2d4f86d5307c,728ac3507f29b8b1,60af2d4f86d5307c.obj,A male thomsons gazelle is resting in the lake edge
e8626631698592a7,7484d26bce2b2555,e8626631698592a7.obj,A giant anteater is resting in a sheltered area
9c0ccaca4f7af75d,7484d26bce2b2555,9c0ccaca4f7af75d.obj,A giant anteater is resting in a sheltered area
e7d35ff357dd270d,7484d26bce2b2555,e7d35ff357dd270d.obj,A giant anteater is resting in a sheltered area
6beb33f61a648b30,7484d26bce2b2555,6beb33f61a648b30.obj,A giant anteater is resting in a sheltered area
30cf391e77c2cf88,7c270298f93927fc,30cf391e77c2cf88.obj,A Malayan tapir is foraging for leaves around the tree
56d86e7b9f59e2b7,7c270298f93927fc,56d86e7b9f59e2b7.obj,A Malayan tapir is foraging for leaves around the tree
5177b051d25ea0f7,7c270298f93927fc,5177b051d25ea0f7.obj,A Malayan tapir is foraging for leaves around the tree
124bea9bc82bb0c4,7c270298f93927fc,124bea9bc82bb0c4.obj,A Malayan tapir is foraging for leaves around the tree
1ba95d8d320f5e33,7cd8d4d74a769775,1ba95d8d320f5e33.obj,A hippopotamus is travelling through water
e7f4d68eb4c3f512,7cd8d4d74a769775,e7f4d68eb4c3f512.obj,A hippopotamus is travelling through water
5587d54f4108c95e,7cd8d4d74a769775,5587d54f4108c95e.obj,A hippopotamus is travelling through water
3d677a4457574cd7,7cd8d4d74a769775,3d677a4457574cd7.obj,A hippopotamus is travelling through water
aa5750ffc43bcc18,7e152b8777567599,aa5750ffc43bcc18.obj,A Bengal tiger is standing to watch the prey
15f5184dd981d634,7e152b8777567599,15f5184dd981d634.obj,A Bengal tiger is standing to watch the prey
15b3a52de1d155f8,7e152b8777567599,15b3a52de1d155f8.obj,A Bengal tiger is standing to watch the prey
a64e0155977494f6,7e152b8777567599,a64e0155977494f6.obj,A Bengal tiger is standing to watch the prey
1b1aee8806c0393b,83fde8123fc5140c,1b1aee8806c0393b.obj,A white duck is resting on the water
8c85dc57e5e16770,83fde8123fc5140c,8c85dc57e5e16770.obj,A white duck is resting on the water
48ea82841daadc18,83fde8123fc5140c,48ea82841daadc18.obj,A white duck is resting on the water
208ff71bed4a1459,83fde8123fc5140c,208ff71bed4a1459.obj,A white duck is resting on the water
d63af3f5e7edd913,865728e99be03f56,d63af3f5e7edd913.obj,A giant otter is standing and resting in a burrow
5d47fcc026aece1e,865728e99be03f56,5d47fcc026aece1e.obj,A giant otter is standing and resting in a burrow
344e0698585e098a,865728e99be03f56,344e0698585e098a.obj,A giant otter is standing and resting in a burrow
c18dc05027727a8d,865728e99be03f56,c18dc05027727a8d.obj,A giant otter is standing and resting in a burrow
3bdb27fe2e018a7c,8805b2457c0148bb,3bdb27fe2e018a7c.obj,A huge elephant is using their trunks to spray water
1f7b19dd8f7d532e,8805b2457c0148bb,1f7b19dd8f7d532e.obj,A huge elephant is using their trunks to spray water
0016afdafa241a8b,8805b2457c0148bb,0016afdafa241a8b.obj,A huge elephant is using their trunks to spray water
4bc2868c75c32abd,8805b2457c0148bb,4bc2868c75c32abd.obj,A huge elephant is using their trunks to spray water
56458bc6918ca35d,8b54089fee8d99a0,56458bc6918ca35d.obj,A tiny bird is returning to the nest
7f9c5a47a8b18f00,8b54089fee8d99a0,7f9c5a47a8b18f00.obj,A tiny bird is returning to the nest
014cbea869fcf211,8b54089fee8d99a0,014cbea869fcf211.obj,A tiny bird is returning to the nest
3707cda48b44084f,8b54089fee8d99a0,3707cda48b44084f.obj,A tiny bird is returning to the nest
01612cb400453597,8eba7fddfa15f905,01612cb400453597.obj,A small sparrow is sleeping in bushes
103a969e2bb1dcc9,8eba7fddfa15f905,103a969e2bb1dcc9.obj,A small sparrow is sleeping in bushes
d8507df2c18f7908,8eba7fddfa15f905,d8507df2c18f7908.obj,A small sparrow is sleeping in bushes
ce9073046498fc6f,8eba7fddfa15f905,ce9073046498fc6f.obj,A small sparrow is sleeping in bushes
223bc7dec8a03c59,9131efff3efffe99,223bc7dec8a03c59.obj,A tiny sparrow is foraging for food on the ground
f0931310b6964a5e,9131efff3efffe99,f0931310b6964a5e.obj,A tiny sparrow is foraging for food on the ground
034074f6277978dc,9131efff3efffe99,034074f6277978dc.obj,A tiny sparrow is foraging for food on the ground
1b538c586ad2c0db,9131efff3efffe99,1b538c586ad2c0db.obj,A tiny sparrow is foraging for food on the ground
4c142b488845264b,958da55b0d75abfc,4c142b488845264b.obj,A bear is roaring and lunging forward
cb4fbea952d068b4,958da55b0d75abfc,cb4fbea952d068b4.obj,A bear is roaring and lunging forward
fb8e44e358fa39c8,958da55b0d75abfc,fb8e44e358fa39c8.obj,A bear is roaring and lunging forward
eb2ca1b686cec5b6,958da55b0d75abfc,eb2ca1b686cec5b6.obj,A bear is roaring and lunging forward
59bd33136e830f43,9fc9c2b5e115afd6,59bd33136e830f43.obj,A cuviers dwarf caiman is resting
130ee9cf38dcc2a1,9fc9c2b5e115afd6,130ee9cf38dcc2a1.obj,A cuviers dwarf caiman is resting
67fbcae05765c5f0,9fc9c2b5e115afd6,67fbcae05765c5f0.obj,A cuviers dwarf caiman is resting
7af0ae61cfa42a48,9fc9c2b5e115afd6,7af0ae61cfa42a48.obj,A cuviers dwarf caiman is resting
83a6898b3cf63399,a0664df1315a8aba,83a6898b3cf63399.obj,A tiny bird is perching on the post
1b0305051ec67406,a0664df1315a8aba,1b0305051ec67406.obj,A tiny bird is perching on the post
3c2c913e87a88e57,a0664df1315a8aba,3c2c913e87a88e57.obj,A tiny bird is perching on the post
f4ae012475c8b50a,a0664df1315a8aba,f4ae012475c8b50a.obj,A tiny bird is perching on the post
81dc2a724ba57790,a8fba562ff002668,81dc2a724ba57790.obj,A bonobo is standing and playing on the sand
f8c35c11d6367ad1,a8fba562ff002668,f8c35c11d6367ad1.obj,A bonobo is standing and playing on the sand
6c4d2f2a280f3a90,a8fba562ff002668,6c4d2f2a280f3a90.obj,A bonobo is standing and playing on the sand
530c82165054bf61,a8fba562ff002668,530c82165054bf61.obj,A bonobo is standing and playing on the sand
f4673fcd52f52b95,a93b64973cfc8897,f4673fcd52f52b95.obj,A huge bird is roosting in a bush
067354f955919479,a93b64973cfc8897,067354f955919479.obj,A huge bird is roosting in a bush
97db07b2d5e4b197,a93b64973cfc8897,97db07b2d5e4b197.obj,A huge bird is roosting in a bush
c06f7a01098b018b,a93b64973cfc8897,c06f7a01098b018b.obj,A huge bird is roosting in a bush
1815808c9db01bc7,ab09c3403494c9c2,1815808c9db01bc7.obj,A female thomsons gazelle is browsing on grasses
81e25016525a9151,ab09c3403494c9c2,81e25016525a9151.obj,A female thomsons gazelle is browsing on grasses
771f7f4cbdb88fa6,ab09c3403494c9c2,771f7f4cbdb88fa6.obj,A female thomsons gazelle is browsing on grasses
ee154ab1b203f278,ab09c3403494c9c2,ee154ab1b203f278.obj,A female thomsons gazelle is browsing on grasses
255d31f96c2f3723,ac1c7552169646f7,255d31f96c2f3723.obj,A sun bear is lumbering through the forests by night
6b3b93b4b0711861,ac1c7552169646f7,6b3b93b4b0711861.obj,A sun bear is lumbering through the forests by night
c8c580af957a5d2c,ac1c7552169646f7,c8c580af957a5d2c.obj,A sun bear is lumbering through the forests by night
3df2c5b8e30103ff,ac1c7552169646f7,3df2c5b8e30103ff.obj,A sun bear is lumbering through the forests by night
019470e0b56fe70a,b1d44ce73b4b431b,019470e0b56fe70a.obj,A goat is running around the farm to find grass
6bc2402ce628bbef,b1d44ce73b4b431b,6bc2402ce628bbef.obj,A goat is running around the farm to find grass
ddfa2ef9e3c43e13,b1d44ce73b4b431b,ddfa2ef9e3c43e13.obj,A goat is running around the farm to find grass
0266a5a1e24613ba,b1d44ce73b4b431b,0266a5a1e24613ba.obj,A goat is running around the farm to find grass
6e92439ce227a932,b34ab1000d8e4510,6e92439ce227a932.obj,A tiny chicken is scratching at the ground
919b80269990ac22,b34ab1000d8e4510,919b80269990ac22.obj,A tiny chicken is scratching at the ground
b3639e91e48f90f1,b34ab1000d8e4510,b3639e91e48f90f1.obj,A tiny chicken is scratching at the ground
7f36942b8785093d,b34ab1000d8e4510,7f36942b8785093d.obj,A tiny chicken is scratching at the ground
3ddd6a55a6d8e37c,b4d087fa4293f3b3,3ddd6a55a6d8e37c.obj,A big wolf is standing and resting
fc20b4369ee117fd,c074190530330c13,fc20b4369ee117fd.obj,A female babirusa is foraging for food near water sources
77e419b386f8bb46,c074190530330c13,77e419b386f8bb46.obj,A female babirusa is foraging for food near water sources
e18ea7c595a3d53d,c074190530330c13,e18ea7c595a3d53d.obj,A female babirusa is foraging for food near water sources
10b05be54ad24bbf,c074190530330c13,10b05be54ad24bbf.obj,A female babirusa is foraging for food near water sources
7173c9264a210587,c50d24d1270b99ae,7173c9264a210587.obj,A polar bear is searching for food on the ice rock
3af12c73b71c656f,a17,3af12c73b71c656f.obj,indian rhinoceros juvenile
3cf19cfa1149d500,a51,3cf19cfa1149d500.obj,pronghorn antelope female
3d7695f8399c68c5,a63,3d7695f8399c68c5.obj,basset
3d9546c481cc1c22,a75,3d9546c481cc1c22.obj,reindeer juvenile
3e5de1100e3b5b82,a172,3e5de1100e3b5b82.obj,dall sheep male
3e93217cf9baa08f,a58,3e93217cf9baa08f.obj,indian peafowl male
40989eb3293c273e,a141,40989eb3293c273e.obj,indian rhinoceros male
43cfff6a23acafe7,a103,43cfff6a23acafe7.obj,mandrill juvenile
43fd7e94a67f9376,a50,43fd7e94a67f9376.obj,common warthog female
4581d98eaf09d27b,a121,4581d98eaf09d27b.obj,indian elephant female
46f3bcef53438440,a167,46f3bcef53438440.obj,siberian tiger juvenile
47a5282b8ba9e6d2,a100,47a5282b8ba9e6d2.obj,bird toucan
492ab711a91f0d60,a77,492ab711a91f0d60.obj,common ostrich juvenile
4a2ef78c1829d866,a44,4a2ef78c1829d866.obj,american bison juvenile
4b433ec01cdaafff,a97,4b433ec01cdaafff.obj,chinese pangolin male
4c681e7d9db52f8b,a7,4c681e7d9db52f8b.obj,japanese macaque male
4ca46d226ab601bf,a52,4ca46d226ab601bf.obj,nyala female
4d7a48f9df08a11e,a90,4d7a48f9df08a11e.obj,australian_cattle_dog
4ea79a529433b5d6,a81,4ea79a529433b5d6.obj,african buffalo female
5061a045b4f68bc6,a81,5061a045b4f68bc6.obj,african buffalo female
50d1d60a07d09d83,a50,50d1d60a07d09d83.obj,common warthog female
5268c856bdbcd7ec,a112,5268c856bdbcd7ec.obj,polar bear
52f8ea88fade532a,a9,52f8ea88fade532a.obj,aardvark female
52fde79d27bfeafd,a42,52fde79d27bfeafd.obj,west african lion male
53139295c1a7f131,a141,53139295c1a7f131.obj,indian rhinoceros male
53e190f2111eaddb,a145,53e190f2111eaddb.obj,lehmanns poison frog
53e9c7c3130f2d41,a27,53e9c7c3130f2d41.obj,binturong female
547f2f46f3a479eb,a156,547f2f46f3a479eb.obj,caracal
5544db19d7450c08,a14,5544db19d7450c08.obj,western lowland gorilla male
5716d05c503ca41e,a141,5716d05c503ca41e.obj,indian rhinoceros male
5748b8108aea43c6,a91,5748b8108aea43c6.obj,pygmy hippo male
5aff7c6a33aa8071,a91,5aff7c6a33aa8071.obj,pygmy hippo male
5cf7adb1082aa77d,a40,5cf7adb1082aa77d.obj,sable antelope male
5d078794e493954c,a9,5d078794e493954c.obj,aardvark female
5d33d36a11ebf237,a50,5d33d36a11ebf237.obj,common warthog female
5f2f1b58e50c61bf,a78,5f2f1b58e50c61bf.obj,african wild dog female
5f76ff02b2bd8554,a135,5f76ff02b2bd8554.obj,cat
60d4505f1a7290eb,a17,60d4505f1a7290eb.obj,indian rhinoceros juvenile
658d4e36212e9c9e,a20,658d4e36212e9c9e.obj,common ostrich male
688c7d507ae9f253,a121,688c7d507ae9f253.obj,indian elephant female
6892964be383453f,a148,6892964be383453f.obj,rhinoceros
6a34b7da751a7f3f,a153,6a34b7da751a7f3f.obj,marco polo sheep
6dc816c6745c0b4d,a11,6dc816c6745c0b4d.obj,american bison female
6f58684956f448da,a167,6f58684956f448da.obj,siberian tiger juvenile
6fc0839548a389b2,a112,6fc0839548a389b2.obj,polar bear
6fc741f92c03654d,a115,6fc741f92c03654d.obj,galapagos giant tortoise male
70de0fdcbaf1302f,a42,70de0fdcbaf1302f.obj,west african lion male
7aa5b3344260a6c8,a123,7aa5b3344260a6c8.obj,snow leopard female
7bf29d74ee81f62a,a77,7bf29d74ee81f62a.obj,common ostrich juvenile
7febb03fa7121507,a58,7febb03fa7121507.obj,indian peafowl male
811a1f305c2884ce,a165,811a1f305c2884ce.obj,pygmy hippo juvenile
8240c7ae34b9fcd0,a139,8240c7ae34b9fcd0.obj,dog remeshed hunting
82c76d00ebd193b6,a14,82c76d00ebd193b6.obj,western lowland gorilla male
846ee3d09ab0fcc8,a121,846ee3d09ab0fcc8.obj,indian elephant female
868c9905d94ddb08,a148,868c9905d94ddb08.obj,rhinoceros
88c74acaea736788,a21,88c74acaea736788.obj,gray wolf female
8905f44a81dddb52,a9,8905f44a81dddb52.obj,aardvark female
8b0062ec0267c5f1,a48,8b0062ec0267c5f1.obj,indian rhinoceros female
8e05fa0fab7d7e0f,a110,8e05fa0fab7d7e0f.obj,grizzly bear male
8f42f036627160ae,a148,8f42f036627160ae.obj,rhinoceros
90595337e6108d17,a144,90595337e6108d17.obj,western chimpanzee male
93068e2de4fc820a,a48,93068e2de4fc820a.obj,indian rhinoceros female
9351cfef5ce54e69,a58,9351cfef5ce54e69.obj,indian peafowl male
93c911b19ed62df8,a42,93c911b19ed62df8.obj,west african lion male
98b4aaaa2165fcd1,a123,98b4aaaa2165fcd1.obj,snow leopard female
9d9e8b57fde29a41,a93,9d9e8b57fde29a41.obj,indian peafowl juvenile
9dd06e3c5098a211,a17,9dd06e3c5098a211.obj,indian rhinoceros juvenile
9e10ab1de79421ec,a125,9e10ab1de79421ec.obj,goat
9ea7c44d1e5ac264,a167,9ea7c44d1e5ac264.obj,siberian tiger juvenile
9fe19c2f9343a942,a37,9fe19c2f9343a942.obj,dall sheep female
a5842e12a9200d43,a93,a5842e12a9200d43.obj,indian peafowl juvenile
a594a0e2b9fe9ca5,a96,a594a0e2b9fe9ca5.obj,greater flamingo male
a635e529613c6c00,a86,a635e529613c6c00.obj,canaan dog
a7c3e08cc4309ec9,a93,a7c3e08cc4309ec9.obj,indian peafowl juvenile
a86071b0d9d7d0da,a42,a86071b0d9d7d0da.obj,west african lion male
a92a71ac204d0223,a18,a92a71ac204d0223.obj,jaguar male
aa182a1ca33fba10,a115,aa182a1ca33fba10.obj,galapagos giant tortoise male
aae580fed8c9604b,a91,aae580fed8c9604b.obj,pygmy hippo male
ad6886154dae4a8c,a125,ad6886154dae4a8c.obj,goat
ad790b0a529e2267,a56,ad790b0a529e2267.obj,king penguin male
ae7e4778dfc7147b,a164,ae7e4778dfc7147b.obj,springbok male
ae93f2d3e0ab350d,a86,ae93f2d3e0ab350d.obj,canaan dog
afb491e33546448e,a87,afb491e33546448e.obj,babirusa juvenile
b234fb92bcacf4db,a18,b234fb92bcacf4db.obj,jaguar male
b40605d93511756d,a9,b40605d93511756d.obj,aardvark female
b44e755a2fb42ad0,a135,b44e755a2fb42ad0.obj,cat
b46c5d1510f7e1a4,a52,b46c5d1510f7e1a4.obj,nyala female
b4891278cf84bda4,a146,b4891278cf84bda4.obj,arctic wolf male
b55c36293cdb47bf,a10,b55c36293cdb47bf.obj,plains zebra male
b660f7e5959a2ea0,a178,b660f7e5959a2ea0.obj,black wildebeest male
bbdedc10be93fb6e,a56,bbdedc10be93fb6e.obj,king penguin male
bd9f8bd45593a0cc,a36,bd9f8bd45593a0cc.obj,african buffalo juvenile
c08708af112a0bc7,a48,c08708af112a0bc7.obj,indian rhinoceros female
c0d8aefb3b2ae9fb,a110,c0d8aefb3b2ae9fb.obj,grizzly bear male
c0dcb96c756dbfc5,a148,c0dcb96c756dbfc5.obj,rhinoceros
c180a6944a796dd1,a46,c180a6944a796dd1.obj,giant panda female
c281a16ddb955261,a77,c281a16ddb955261.obj,common ostrich juvenile
c329a4bfc8c0a995,a15,c329a4bfc8c0a995.obj,arctic wolf juvenile
c36b74d05bd80d81,a77,c36b74d05bd80d81.obj,common ostrich juvenile
c484f391c112c70f,a6,c484f391c112c70f.obj,brown bear
c6457fbbce37ec86,a97,c6457fbbce37ec86.obj,chinese pangolin male
c6cbe6d259d1c457,a167,c6cbe6d259d1c457.obj,siberian tiger juvenile
c78aacf25332539a,a10,c78aacf25332539a.obj,plains zebra male
ca028b330a788164,a94,ca028b330a788164.obj,red panda male
cc9d45414fb693d5,a20,cc9d45414fb693d5.obj,common ostrich male
ccedf54cba34d96d,a135,ccedf54cba34d96d.obj,cat
d0c30ad9d0522ca9,a172,d0c30ad9d0522ca9.obj,dall sheep male
d0ea1adb69ca11d1,a52,d0ea1adb69ca11d1.obj,nyala female
d135189b46e20da8,a141,d135189b46e20da8.obj,indian rhinoceros male
d2e4667d08d1ff86,a171,d2e4667d08d1ff86.obj,tibetan bear
d3377b07ed88c02c,a11,d3377b07ed88c02c.obj,american bison female
d3af05d7f2f37761,a20,d3af05d7f2f37761.obj,common ostrich male
d46d18fabb157728,a121,d46d18fabb157728.obj,indian elephant female
d4de076de078e6ba,a172,d4de076de078e6ba.obj,dall sheep male
d52126f39607d7e5,a14,d52126f39607d7e5.obj,western lowland gorilla male
d91ae5ac12f20fb9,a90,d91ae5ac12f20fb9.obj,australian_cattle_dog
dbfad9e0971c6734,a91,dbfad9e0971c6734.obj,pygmy hippo male
dcea5825436a03ca,a76,dcea5825436a03ca.obj,falcon
dd986bc1a049ef4b,a110,dd986bc1a049ef4b.obj,grizzly bear male
dfbb8fdd9be16fc6,a40,dfbb8fdd9be16fc6.obj,sable antelope male
e0c5393e4f88864f,a43,e0c5393e4f88864f.obj,gray wolf
e0f5cafb98d9acf7,a52,e0f5cafb98d9acf7.obj,nyala female
e16916d53f03e59f,a36,e16916d53f03e59f.obj,african buffalo juvenile
e448bfc8561b7f5b,a115,e448bfc8561b7f5b.obj,galapagos giant tortoise male
e505606f158f2955,a105,e505606f158f2955.obj,gharial male
e6e23a42e21d5d81,a140,e6e23a42e21d5d81.obj,common warthog juvenile
e6ec065ce21bb1e9,a55,e6ec065ce21bb1e9.obj,springbok juvenile
e74deefe0a3ad809,a6,e74deefe0a3ad809.obj,brown bear
e84d5bcc733cb2c0,a23,e84d5bcc733cb2c0.obj,gull
ea0a0d3cb57de45c,a125,ea0a0d3cb57de45c.obj,goat
ea774de39e97e259,a73,ea774de39e97e259.obj,saltwater crocodile juvenile
ef26ac0097ec03ab,a160,ef26ac0097ec03ab.obj,thomsons gazelle juvenile
ef916ad12d81d484,a40,ef916ad12d81d484.obj,sable antelope male
efa061e775cc76e0,a139,efa061e775cc76e0.obj,dog remeshed hunting
f1089dcdf18fa0a2,a86,f1089dcdf18fa0a2.obj,canaan dog
f1d410c5d6888311,a58,f1d410c5d6888311.obj,indian peafowl male
f2e49e6309928b53,a105,f2e49e6309928b53.obj,gharial male
f2fcaced04bd4f2e,a139,f2fcaced04bd4f2e.obj,dog remeshed hunting
f40a50ef56006ab9,a98,f40a50ef56006ab9.obj,crow
f676e480e5f79f05,a178,f676e480e5f79f05.obj,black wildebeest male
f764a508c643d067,a105,f764a508c643d067.obj,gharial male
f88ddb5d1e798ebc,a178,f88ddb5d1e798ebc.obj,black wildebeest male
f8cbd24719bd2d25,a112,f8cbd24719bd2d25.obj,polar bear
fb9353dc68b766dd,a123,fb9353dc68b766dd.obj,snow leopard female
fbebaed970d04c62,a10,fbebaed970d04c62.obj,plains zebra male
fca89dbdefa84fb9,a93,fca89dbdefa84fb9.obj,indian peafowl juvenile
70c98f4c562affee,0534ec3a9103aa94,70c98f4c562affee.obj,A black goat is returning the shelter
d7f91c8dd06833e0,0534ec3a9103aa94,d7f91c8dd06833e0.obj,A black goat is returning the shelter
c53efb8e05ccafb5,0534ec3a9103aa94,c53efb8e05ccafb5.obj,A black goat is returning the shelter
6f50fb3efc179160,0534ec3a9103aa94,6f50fb3efc179160.obj,A black goat is returning the shelter
afb4aa409ce3ba60,3348435fbd0a3121,afb4aa409ce3ba60.obj,A juvenile cassowary is finding food
592aba62e8462b16,3348435fbd0a3121,592aba62e8462b16.obj,A juvenile cassowary is finding food
b54319c9bb0ede4d,3348435fbd0a3121,b54319c9bb0ede4d.obj,A juvenile cassowary is finding food
0ac1112120f956e6,3348435fbd0a3121,0ac1112120f956e6.obj,A juvenile cassowary is finding food
9c8ce73f3c2c12d2,37d4e39a301a065a,9c8ce73f3c2c12d2.obj,A great hippopotamus is slow-moving along the river
d2262a2bf815bca0,37d4e39a301a065a,d2262a2bf815bca0.obj,A great hippopotamus is slow-moving along the river
c4ee709c2845df96,37d4e39a301a065a,c4ee709c2845df96.obj,A great hippopotamus is slow-moving along the river
bbe5a083ba234197,37d4e39a301a065a,bbe5a083ba234197.obj,A great hippopotamus is slow-moving along the river
158dcfba185978e8,3ed2a6c22dd07b17,158dcfba185978e8.obj,A juvenile sable antelope is walking around the field
b345896ab5eb2f5e,3ed2a6c22dd07b17,b345896ab5eb2f5e.obj,A juvenile sable antelope is walking around the field
677063925aa95336,3ed2a6c22dd07b17,677063925aa95336.obj,A juvenile sable antelope is walking around the field
07a182b4c5ff670d,3ed2a6c22dd07b17,07a182b4c5ff670d.obj,A juvenile sable antelope is walking around the field
e81bcfcf9bf2c1ca,3ff0bb0501493ece,e81bcfcf9bf2c1ca.obj,A male bongo is moving around the forest
5dce28d98011a696,3ff0bb0501493ece,5dce28d98011a696.obj,A male bongo is moving around the forest
845335c530f24a80,3ff0bb0501493ece,845335c530f24a80.obj,A male bongo is moving around the forest
e072cf875c16542a,3ff0bb0501493ece,e072cf875c16542a.obj,A male bongo is moving around the forest
bffcd34d68d28303,525512e84f2bbc4e,bffcd34d68d28303.obj,A female babirusa is walking around the forest to find prey
7907e0dc70c44f92,525512e84f2bbc4e,7907e0dc70c44f92.obj,A female babirusa is walking around the forest to find prey
7e425f2c7bd1de87,525512e84f2bbc4e,7e425f2c7bd1de87.obj,A female babirusa is walking around the forest to find prey
7aa6307caf88079d,525512e84f2bbc4e,7aa6307caf88079d.obj,A female babirusa is walking around the forest to find prey
413505e6f4ddf95e,76d991719a89b736,413505e6f4ddf95e.obj,A reticulated giraffe is lying down under the tree
8e5b0a1b440e41b1,76d991719a89b736,8e5b0a1b440e41b1.obj,A reticulated giraffe is lying down under the tree
f24db050b4065a9c,76d991719a89b736,f24db050b4065a9c.obj,A reticulated giraffe is lying down under the tree
e31ced3776eca0a7,76d991719a89b736,e31ced3776eca0a7.obj,A reticulated giraffe is lying down under the tree
8b632eddc3627a37,84f9875c5aa43a62,8b632eddc3627a37.obj,A lesser antillean iguana is resting on the rock
88028a0e4ac75667,84f9875c5aa43a62,88028a0e4ac75667.obj,A lesser antillean iguana is resting on the rock
7b3c2502ab3aacc5,84f9875c5aa43a62,7b3c2502ab3aacc5.obj,A lesser antillean iguana is resting on the rock
52568b7512b8c478,84f9875c5aa43a62,52568b7512b8c478.obj,A lesser antillean iguana is resting on the rock
7c53223fa27fbb2b,97f6b7fba918bfe9,7c53223fa27fbb2b.obj,A black woft is far-moving on the sand
ff4fb6cb32c1c467,97f6b7fba918bfe9,ff4fb6cb32c1c467.obj,A black woft is far-moving on the sand
bfdb497b62c53c6d,97f6b7fba918bfe9,bfdb497b62c53c6d.obj,A black woft is far-moving on the sand
3bf1ce0d8b192e34,97f6b7fba918bfe9,3bf1ce0d8b192e34.obj,A black woft is far-moving on the sand
4f144c6cac46dac5,999ef191bff8625d,4f144c6cac46dac5.obj,A proboscis monkey is leaping from tree limbs
02bf2b708a98eb01,999ef191bff8625d,02bf2b708a98eb01.obj,A proboscis monkey is leaping from tree limbs
8f1e3d3f3eb18a62,999ef191bff8625d,8f1e3d3f3eb18a62.obj,A proboscis monkey is leaping from tree limbs
6c74ffe6fa3a2227,999ef191bff8625d,6c74ffe6fa3a2227.obj,A proboscis monkey is leaping from tree limbs
d5ce39428399616c,9ce9e933ef4f7ef6,d5ce39428399616c.obj,An Aldabra giant tortoise is resting and sunbathing
40ffabf8d9949b3a,9ce9e933ef4f7ef6,40ffabf8d9949b3a.obj,An Aldabra giant tortoise is resting and sunbathing
6929c827e1ce8419,9ce9e933ef4f7ef6,6929c827e1ce8419.obj,An Aldabra giant tortoise is resting and sunbathing
03b5427c9cbad7df,9ce9e933ef4f7ef6,03b5427c9cbad7df.obj,An Aldabra giant tortoise is resting and sunbathing
0c27b52a88c33aae,ac0abb4cfebf48b4,0c27b52a88c33aae.obj,A tiny zebra is resting in the shelter
f34aa0a2108b06c2,ac0abb4cfebf48b4,f34aa0a2108b06c2.obj,A tiny zebra is resting in the shelter
f72449d035d0ac79,ac0abb4cfebf48b4,f72449d035d0ac79.obj,A tiny zebra is resting in the shelter
553744f87e36aabb,ac0abb4cfebf48b4,553744f87e36aabb.obj,A tiny zebra is resting in the shelter
98c510f0e41accf8,bd7c3921a5829c5f,98c510f0e41accf8.obj,A female okapi is resting in the silk-lined burrows
fc2db06c4c42b0d2,bd7c3921a5829c5f,fc2db06c4c42b0d2.obj,A female okapi is resting in the silk-lined burrows
d6e0c1df4a6727ef,bd7c3921a5829c5f,d6e0c1df4a6727ef.obj,A female okapi is resting in the silk-lined burrows
fa19e2ec35f90a50,bd7c3921a5829c5f,fa19e2ec35f90a50.obj,A female okapi is resting in the silk-lined burrows
6585855871402772,c8b07c3741bb4fc8,6585855871402772.obj,A male Bactrian camel is foraging for vegetation
22c09296590fb951,c8b07c3741bb4fc8,22c09296590fb951.obj,A male Bactrian camel is foraging for vegetation
74703abba6aed00b,c8b07c3741bb4fc8,74703abba6aed00b.obj,A male Bactrian camel is foraging for vegetation
819367dceddb838b,c8b07c3741bb4fc8,819367dceddb838b.obj,A male Bactrian camel is foraging for vegetation
672c0162a3077e07,ccd67c2c79a29788,672c0162a3077e07.obj,A young Dall sheep is resting and ruminating under the tree
b4679940dd7710ef,ccd67c2c79a29788,b4679940dd7710ef.obj,A young Dall sheep is resting and ruminating under the tree
0a87f2d6c01fb230,ccd67c2c79a29788,0a87f2d6c01fb230.obj,A young Dall sheep is resting and ruminating under the tree
98d12855b2889504,ccd67c2c79a29788,98d12855b2889504.obj,A young Dall sheep is resting and ruminating under the tree
82de86e0cd7f9736,e0f16aa698d86ac4,82de86e0cd7f9736.obj,A white rabit is hidden on the snow
4ed71d8d8944949a,e0f16aa698d86ac4,4ed71d8d8944949a.obj,A white rabit is hidden on the snow
e74b025c2133655a,e0f16aa698d86ac4,e74b025c2133655a.obj,A white rabit is hidden on the snow
a2a17167753efcb1,e0f16aa698d86ac4,a2a17167753efcb1.obj,A white rabit is hidden on the snow
90ba6644ad322c47,505ea7c5b84466e2,90ba6644ad322c47.obj,A male African elephant is drinking and bathing in the river
e9b85e6177ccf14d,505ea7c5b84466e2,e9b85e6177ccf14d.obj,A male African elephant is drinking and bathing in the river
2d0e5e5ef940e212,505ea7c5b84466e2,2d0e5e5ef940e212.obj,A male African elephant is drinking and bathing in the river
55a985eef253a7a0,505ea7c5b84466e2,55a985eef253a7a0.obj,A male African elephant is drinking and bathing in the river
7173c9264a210587,c50d24d1270b99ae,7173c9264a210587.obj,A polar bear is standing
b2155ffa27d015f8,c50d24d1270b99ae,b2155ffa27d015f8.obj,A polar bear is standing
cb6ef21b1c71cbbb,c50d24d1270b99ae,cb6ef21b1c71cbbb.obj,A polar bear is standing
0ae964801539411d,c50d24d1270b99ae,0ae964801539411d.obj,A polar bear is standing
7693fede195ea017,d22a84b6f9f25ebe,7693fede195ea017.obj,A Himalayan brown bear is standing and resting in the shelter
20b5e565c2f67b81,d22a84b6f9f25ebe,20b5e565c2f67b81.obj,A Himalayan brown bear is standing and resting in the shelter
c4cb6c13af0fba27,d22a84b6f9f25ebe,c4cb6c13af0fba27.obj,A Himalayan brown bear is standing and resting in the shelter
8f2b6f200d420b7e,d22a84b6f9f25ebe,8f2b6f200d420b7e.obj,A Himalayan brown bear is standing and resting in the shelter
00b174d953f27354,bbbbbbbbbbbbbbbb,00b174d953f27354.obj,A flamingo is is standing and resting
c6902f10d0efd8be,aaaaaaaaaaaaaaa11,c6902f10d0efd8be.obj,A penguin is searching for food
5a0331cd4017b611,faf6aaefb1d8cf61,5a0331cd4017b611.obj,A great cow is resting and lie down under the tree
8061c9167e0cb731,faf6aaefb1d8cf61,8061c9167e0cb731.obj,A great cow is resting and lie down under the tree
919317f18eaae8fd,faf6aaefb1d8cf61,919317f18eaae8fd.obj,A great cow is resting and lie down under the tree
cb59eadac2b90db5,faf6aaefb1d8cf61,cb59eadac2b90db5.obj,A great cow is resting and lie down under the tree
